,year,subjects,count,total,percentage
0,1779,American Revolution,2,29,7.000000000000001
1,1779,European Alliances,1,29,3.0
2,1779,Health and Illness,1,29,3.0
3,1779,Privateering,1,29,3.0
4,1779,Recreation,8,29,28.000000000000004
5,1779,Religion,2,29,7.000000000000001
6,1779,"Travel and Touring, International",14,29,48.0
7,1780,American Revolution,1,35,3.0
8,1780,Recreation,7,35,20.0
9,1780,Religion,8,35,23.0
10,1780,"Travel and Touring, International",19,35,54.0
11,1781,American Revolution,3,35,9.0
12,1781,Recreation,3,35,9.0
13,1781,Religion,6,35,17.0
14,1781,"Travel and Touring, International",23,35,66.0
15,1782,American Revolution,1,57,2.0
16,1782,Health and Illness,6,57,11.0
17,1782,Recreation,31,57,54.0
18,1782,Religion,4,57,7.000000000000001
19,1782,"Travel and Touring, International",15,57,26.0
20,1783,Commerce,1,90,1.0
21,1783,Health and Illness,1,90,1.0
22,1783,Recreation,33,90,37.0
23,1783,Religion,1,90,1.0
24,1783,"Travel and Touring, International",54,90,60.0
25,1784,Recreation,3,3,100.0
26,1785,African Americans,1,106,1.0
27,1785,American Revolution,2,106,2.0
28,1785,Barbary Wars,1,106,1.0
29,1785,Continental Congress,2,106,2.0
30,1785,Family Relations (Adams Family),6,106,6.0
31,1785,Family Residences (Adams Family),2,106,2.0
32,1785,Health and Illness,12,106,11.0
33,1785,Loyalists,1,106,1.0
34,1785,Recreation,33,106,31.0
35,1785,Religion,25,106,24.0
36,1785,Slavery and Enslaved Persons,1,106,1.0
37,1785,"Travel and Touring, International",20,106,19.0
38,1786,American Revolution,3,105,3.0
39,1786,Dueling,1,105,1.0
40,1786,Family Relations (Adams Family),1,105,1.0
41,1786,Health and Illness,8,105,8.0
42,1786,Native Americans,1,105,1.0
43,1786,Recreation,23,105,22.0
44,1786,Religion,52,105,50.0
45,1786,Shays's Rebellion,16,105,15.0
46,1787,African Americans,1,108,1.0
47,1787,Family Relations (Adams Family),1,108,1.0
48,1787,Health and Illness,8,108,7.000000000000001
49,1787,Loyalists,1,108,1.0
50,1787,Recreation,35,108,32.0
51,1787,Religion,44,108,41.0
52,1787,Shays's Rebellion,9,108,8.0
53,1787,US Constitution,9,108,8.0
54,1788,American Revolution,2,129,2.0
55,1788,Anti-Federalists,9,129,7.000000000000001
56,1788,Health and Illness,17,129,13.0
57,1788,Loyalists,1,129,1.0
58,1788,Recreation,44,129,34.0
59,1788,Religion,43,129,33.0
60,1788,Shays's Rebellion,2,129,2.0
61,1788,US Constitution,11,129,9.0
62,1789,Health and Illness,1,18,6.0
63,1789,Recreation,16,18,89.0
64,1789,Slave Trade,1,18,6.0
65,1790,Recreation,10,10,100.0
66,1791,Bank of the United States,2,20,10.0
67,1791,Health and Illness,4,20,20.0
68,1791,Recreation,14,20,70.0
69,1792,Health and Illness,8,32,25.0
70,1792,Recreation,24,32,75.0
71,1793,French Revolution,1,15,7.000000000000001
72,1793,Haitian Revolution,1,15,7.000000000000001
73,1793,Native Americans,1,15,7.000000000000001
74,1793,Recreation,12,15,80.0
75,1794,African Americans,2,83,2.0
76,1794,Barbary Wars,1,83,1.0
77,1794,French Revolution,3,83,4.0
78,1794,Health and Illness,1,83,1.0
79,1794,Jay Treaty,2,83,2.0
80,1794,Native Americans,1,83,1.0
81,1794,Recreation,48,83,57.99999999999999
82,1794,"Travel and Touring, International",25,83,30.0
83,1795,American Revolution,2,219,1.0
84,1795,Federalist Party,1,219,0.0
85,1795,French Revolution,9,219,4.0
86,1795,Health and Illness,4,219,2.0
87,1795,Jay Treaty,9,219,4.0
88,1795,Native Americans,2,219,1.0
89,1795,Pinckney's Treaty,1,219,0.0
90,1795,Recreation,187,219,85.0
91,1795,Slavery and Enslaved Persons,1,219,0.0
92,1795,Women's Rights,3,219,1.0
93,1796,American Revolution,1,266,0.0
94,1796,Barbary Wars,1,266,0.0
95,1796,Courtship and Marriage of JQA and LCA,15,266,6.0
96,1796,Dueling,1,266,0.0
97,1796,French Revolution,2,266,1.0
98,1796,Health and Illness,5,266,2.0
99,1796,Jay Treaty,2,266,1.0
100,1796,Recreation,238,266,89.0
101,1796,"Travel and Touring, International",1,266,0.0
102,1797,American Revolution,1,234,0.0
103,1797,Commerce,2,234,1.0
104,1797,"Court Life and Society, European",13,234,6.0
105,1797,Courtship and Marriage of JQA and LCA,7,234,3.0
106,1797,Diplomacy,5,234,2.0
107,1797,"Elections, Presidential 1796",1,234,0.0
108,1797,Family Residences (Adams Family),4,234,2.0
109,1797,French Revolution,1,234,0.0
110,1797,Health and Illness,15,234,6.0
111,1797,Industrialization,1,234,0.0
112,1797,Recreation,172,234,74.0
113,1797,Religion,1,234,0.0
114,1797,Steam Power,1,234,0.0
115,1797,Territorial Expansion,1,234,0.0
116,1797,"Travel and Touring, International",9,234,4.0
117,1798,Commerce,1,273,0.0
118,1798,"Court Life and Society, European",47,273,17.0
119,1798,Diplomacy,11,273,4.0
120,1798,Family Residences (Adams Family),3,273,1.0
121,1798,Foreign Relations,8,273,3.0
122,1798,Health and Illness,26,273,10.0
123,1798,Quasi-War,3,273,1.0
124,1798,Recreation,172,273,63.0
125,1798,"Travel and Touring, International",1,273,0.0
126,1798,XYZ Affair,1,273,0.0
127,1799,American Revolution,1,284,0.0
128,1799,"Court Life and Society, European",32,284,11.0
129,1799,Diplomacy,22,284,8.0
130,1799,Health and Illness,17,284,6.0
131,1799,Prussian-American Treaty of Amity and Commerce,23,284,8.0
132,1799,Recreation,161,284,56.99999999999999
133,1799,Religion,2,284,1.0
134,1799,"Travel and Touring, International",26,284,9.0
135,1800,American Revolution,1,215,0.0
136,1800,Convention of 1800,1,215,0.0
137,1800,"Court Life and Society, European",17,215,8.0
138,1800,Diplomacy,5,215,2.0
139,1800,Family Residences (Adams Family),1,215,0.0
140,1800,Health and Illness,39,215,18.0
141,1800,Recreation,96,215,45.0
142,1800,Textile Industry,3,215,1.0
143,1800,"Travel and Touring, International",52,215,24.0
144,1801,American Revolution,1,199,1.0
145,1801,"Court Life and Society, European",9,199,5.0
146,1801,Diplomacy,6,199,3.0
147,1801,"Elections, Presidential 1800",2,199,1.0
148,1801,Family Finances (Adams Family),10,199,5.0
149,1801,Family Residences (Adams Family),3,199,2.0
150,1801,French Revolution,1,199,1.0
151,1801,Health and Illness,43,199,22.0
152,1801,Recreation,90,199,45.0
153,1801,Religion,5,199,3.0
154,1801,"Travel and Touring, International",29,199,15.0
155,1802,Bank of the United States,1,67,1.0
156,1802,Family Finances (Adams Family),8,67,12.0
157,1802,Family Residences (Adams Family),1,67,1.0
158,1802,Federalist Party,1,67,1.0
159,1802,Health and Illness,17,67,25.0
160,1802,Recreation,38,67,56.99999999999999
161,1802,Slave Trade,1,67,1.0
162,1803,Democratic-Republican Party,3,164,2.0
163,1803,Family Finances (Adams Family),20,164,12.0
164,1803,Family Residences (Adams Family),2,164,1.0
165,1803,Federalist Party,4,164,2.0
166,1803,Health and Illness,20,164,12.0
167,1803,Jay Treaty,1,164,1.0
168,1803,Louisiana Purchase,15,164,9.0
169,1803,Native Americans,3,164,2.0
170,1803,Recreation,49,164,30.0
171,1803,Religion,20,164,12.0
172,1803,Science and Technology,6,164,4.0
173,1803,Supreme Court,1,164,1.0
174,1803,US Constitution,20,164,12.0
175,1804,Democratic-Republican Party,3,99,3.0
176,1804,Dueling,2,99,2.0
177,1804,Family Finances (Adams Family),1,99,1.0
178,1804,Federalist Party,1,99,1.0
179,1804,French Revolution,1,99,1.0
180,1804,Health and Illness,7,99,7.000000000000001
181,1804,Impressment,2,99,2.0
182,1804,Louisiana Purchase,1,99,1.0
183,1804,Native Americans,2,99,2.0
184,1804,Recreation,32,99,32.0
185,1804,Religion,13,99,13.0
186,1804,Slave Trade,7,99,7.000000000000001
187,1804,Supreme Court,17,99,17.0
188,1804,US Constitution,10,99,10.0
189,1805,American Revolution,1,85,1.0
190,1805,Articles of Confederation,1,85,1.0
191,1805,Democratic-Republican Party,3,85,4.0
192,1805,Dueling,1,85,1.0
193,1805,Family Finances (Adams Family),2,85,2.0
194,1805,Family Relations (Adams Family),2,85,2.0
195,1805,Family Residences (Adams Family),5,85,6.0
196,1805,Federalist Party,1,85,1.0
197,1805,Health and Illness,16,85,19.0
198,1805,Internal Improvements,3,85,4.0
199,1805,Jay Treaty,1,85,1.0
200,1805,Native Americans,13,85,15.0
201,1805,Recreation,21,85,25.0
202,1805,Religion,6,85,7.000000000000001
203,1805,Slave Trade,2,85,2.0
204,1805,US Constitution,7,85,8.0
205,1806,African Americans,1,81,1.0
206,1806,Boylston Professor of Rhetoric and Oratory,25,81,31.0
207,1806,Democratic-Republican Party,4,81,5.0
208,1806,Dueling,1,81,1.0
209,1806,Family Residences (Adams Family),4,81,5.0
210,1806,Federalist Party,2,81,2.0
211,1806,Health and Illness,16,81,20.0
212,1806,Louisiana Purchase,1,81,1.0
213,1806,Napoleonic Wars,2,81,2.0
214,1806,Native Americans,5,81,6.0
215,1806,Recreation,13,81,16.0
216,1806,Reform Movements,1,81,1.0
217,1806,Religion,1,81,1.0
218,1806,Slave Trade,1,81,1.0
219,1806,Supreme Court,3,81,4.0
220,1806,US Constitution,1,81,1.0
221,1807,African Americans,1,113,1.0
222,1807,Boylston Professor of Rhetoric and Oratory,16,113,14.000000000000002
223,1807,Chesapeake Affair,4,113,4.0
224,1807,Continental System,2,113,2.0
225,1807,"Elections, Presidential 1808",3,113,3.0
226,1807,Embargo,8,113,7.000000000000001
227,1807,Family Finances (Adams Family),8,113,7.000000000000001
228,1807,Family Relations (Adams Family),2,113,2.0
229,1807,Family Residences (Adams Family),5,113,4.0
230,1807,Federalist Party,1,113,1.0
231,1807,Health and Illness,23,113,20.0
232,1807,Impressment,3,113,3.0
233,1807,Internal Improvements,1,113,1.0
234,1807,Jay Treaty,1,113,1.0
235,1807,Native Americans,1,113,1.0
236,1807,Recreation,21,113,19.0
237,1807,Religion,4,113,4.0
238,1807,Slave Trade,3,113,3.0
239,1807,Supreme Court,4,113,4.0
240,1807,US Constitution,2,113,2.0
241,1808,American Revolution,1,148,1.0
242,1808,Boylston Professor of Rhetoric and Oratory,21,148,14.000000000000002
243,1808,Caucus System,2,148,1.0
244,1808,Chesapeake Affair,1,148,1.0
245,1808,Democratic-Republican Party,8,148,5.0
246,1808,Diplomacy,2,148,1.0
247,1808,Dueling,2,148,1.0
248,1808,"Elections, Presidential 1808",12,148,8.0
249,1808,Embargo,22,148,15.0
250,1808,Essex Junto,1,148,1.0
251,1808,Family Residences (Adams Family),1,148,1.0
252,1808,Federalist Party,9,148,6.0
253,1808,Foreign Relations,3,148,2.0
254,1808,Health and Illness,24,148,16.0
255,1808,Impressment,2,148,1.0
256,1808,Native Americans,9,148,6.0
257,1808,Orders in Council,2,148,1.0
258,1808,Press,1,148,1.0
259,1808,Recreation,14,148,9.0
260,1808,Religion,1,148,1.0
261,1808,Supreme Court,8,148,5.0
262,1808,US Constitution,2,148,1.0
263,1809,African Americans,4,236,2.0
264,1809,American Revolution,3,236,1.0
265,1809,Bank of the United States,1,236,0.0
266,1809,Blockades,4,236,2.0
267,1809,Boylston Professor of Rhetoric and Oratory,17,236,7.000000000000001
268,1809,Commerce,2,236,1.0
269,1809,"Court Life and Society, European",16,236,7.000000000000001
270,1809,Diplomacy,3,236,1.0
271,1809,Dueling,2,236,1.0
272,1809,"Elections, Presidential 1808",1,236,0.0
273,1809,Embargo,3,236,1.0
274,1809,Family Finances (Adams Family),1,236,0.0
275,1809,Family Residences (Adams Family),8,236,3.0
276,1809,Federalist Party,1,236,0.0
277,1809,French Revolution,1,236,0.0
278,1809,Health and Illness,12,236,5.0
279,1809,Impressment,1,236,0.0
280,1809,Orders in Council,2,236,1.0
281,1809,Recreation,48,236,20.0
282,1809,Religion,1,236,0.0
283,1809,Supreme Court,27,236,11.0
284,1809,"Travel and Touring, International",78,236,33.0
285,1810,African Americans,4,251,2.0
286,1810,American Revolution,2,251,1.0
287,1810,Blockades,5,251,2.0
288,1810,Commerce,19,251,8.0
289,1810,Continental System,3,251,1.0
290,1810,"Court Life and Society, European",27,251,11.0
291,1810,Diplomacy,19,251,8.0
292,1810,Embargo,2,251,1.0
293,1810,European Alliances,1,251,0.0
294,1810,Family Finances (Adams Family),1,251,0.0
295,1810,Family Residences (Adams Family),9,251,4.0
296,1810,Foreign Relations,1,251,0.0
297,1810,French Revolution,2,251,1.0
298,1810,Health and Illness,25,251,10.0
299,1810,Industrialization,1,251,0.0
300,1810,Jay Treaty,1,251,0.0
301,1810,Latin American Wars of Independence,1,251,0.0
302,1810,Native Americans,2,251,1.0
303,1810,Privateering,5,251,2.0
304,1810,Recreation,105,251,42.0
305,1810,Religion,14,251,6.0
306,1810,Textile Industry,1,251,0.0
307,1810,US Constitution,1,251,0.0
308,1811,African Americans,8,190,4.0
309,1811,American Revolution,1,190,1.0
310,1811,Boylston Professor of Rhetoric and Oratory,1,190,1.0
311,1811,Commerce,17,190,9.0
312,1811,Continental System,4,190,2.0
313,1811,"Court Life and Society, European",22,190,12.0
314,1811,Diplomacy,5,190,3.0
315,1811,Dueling,1,190,1.0
316,1811,Embargo,1,190,1.0
317,1811,Family Residences (Adams Family),10,190,5.0
318,1811,Federalist Party,1,190,1.0
319,1811,Foreign Relations,2,190,1.0
320,1811,French Revolution,4,190,2.0
321,1811,Health and Illness,41,190,22.0
322,1811,Latin American Wars of Independence,1,190,1.0
323,1811,Louisiana Purchase,1,190,1.0
324,1811,Orders in Council,3,190,2.0
325,1811,Privateering,6,190,3.0
326,1811,Recreation,43,190,23.0
327,1811,Religion,14,190,7.000000000000001
328,1811,Supreme Court,1,190,1.0
329,1811,US Constitution,1,190,1.0
330,1811,War of 1812,2,190,1.0
331,1812,African Americans,6,286,2.0
332,1812,Canals,1,286,0.0
333,1812,Chesapeake Affair,2,286,1.0
334,1812,Commerce,4,286,1.0
335,1812,Continental System,3,286,1.0
336,1812,"Court Life and Society, European",15,286,5.0
337,1812,Diplomacy,2,286,1.0
338,1812,Dueling,2,286,1.0
339,1812,"Elections, Presidential 1812",3,286,1.0
340,1812,Embargo,1,286,0.0
341,1812,European Alliances,5,286,2.0
342,1812,Family Finances (Adams Family),1,286,0.0
343,1812,Family Residences (Adams Family),2,286,1.0
344,1812,Federalist Party,3,286,1.0
345,1812,Foreign Relations,1,286,0.0
346,1812,French Revolution,2,286,1.0
347,1812,Health and Illness,54,286,19.0
348,1812,Impressment,2,286,1.0
349,1812,Latin American Wars of Independence,1,286,0.0
350,1812,Napoleonic Wars,57,286,20.0
351,1812,Native Americans,1,286,0.0
352,1812,Orders in Council,10,286,3.0
353,1812,Privateering,1,286,0.0
354,1812,Recreation,74,286,26.0
355,1812,Religion,5,286,2.0
356,1812,Slave Trade,1,286,0.0
357,1812,Steam Power,1,286,0.0
358,1812,War of 1812,26,286,9.0
359,1813,African Americans,5,269,2.0
360,1813,American Revolution,2,269,1.0
361,1813,Bank of the United States,1,269,0.0
362,1813,Blockades,2,269,1.0
363,1813,Commerce,1,269,0.0
364,1813,"Court Life and Society, European",25,269,9.0
365,1813,Diplomacy,16,269,6.0
366,1813,Dueling,1,269,0.0
367,1813,"Elections, Presidential 1812",2,269,1.0
368,1813,European Alliances,4,269,1.0
369,1813,Family Relations (Adams Family),6,269,2.0
370,1813,Foreign Relations,14,269,5.0
371,1813,French Revolution,3,269,1.0
372,1813,Health and Illness,34,269,13.0
373,1813,Impressment,7,269,3.0
374,1813,Napoleonic Wars,66,269,25.0
375,1813,Native Americans,2,269,1.0
376,1813,Orders in Council,1,269,0.0
377,1813,Privateering,4,269,1.0
378,1813,Recreation,20,269,7.000000000000001
379,1813,Reform Movements,1,269,0.0
380,1813,Religion,13,269,5.0
381,1813,US Constitution,1,269,0.0
382,1813,War of 1812,38,269,14.000000000000002
383,1814,African Americans,10,405,2.0
384,1814,American Revolution,3,405,1.0
385,1814,Anglo-American Definitive Peace Treaty,11,405,3.0
386,1814,Blockades,1,405,0.0
387,1814,Commerce,2,405,0.0
388,1814,"Court Life and Society, European",9,405,2.0
389,1814,Diplomacy,70,405,17.0
390,1814,Dueling,1,405,0.0
391,1814,Foreign Relations,20,405,5.0
392,1814,French Revolution,1,405,0.0
393,1814,Hartford Convention,1,405,0.0
394,1814,Health and Illness,9,405,2.0
395,1814,Impressment,10,405,2.0
396,1814,Jay Treaty,7,405,2.0
397,1814,Louisiana Purchase,2,405,0.0
398,1814,Napoleonic Wars,19,405,5.0
399,1814,Native Americans,22,405,5.0
400,1814,Recreation,95,405,23.0
401,1814,Religion,9,405,2.0
402,1814,Sectionalism,3,405,1.0
403,1814,Slave Trade,10,405,2.0
404,1814,Steam Power,1,405,0.0
405,1814,"Travel and Touring, International",30,405,7.000000000000001
406,1814,Treaty of Ghent,32,405,8.0
407,1814,US Constitution,1,405,0.0
408,1814,War of 1812,26,405,6.0
409,1815,African Americans,9,308,3.0
410,1815,American Revolution,3,308,1.0
411,1815,Anglo-American Definitive Peace Treaty,2,308,1.0
412,1815,Barbary Wars,10,308,3.0
413,1815,Commerce,10,308,3.0
414,1815,Continental System,1,308,0.0
415,1815,"Court Life and Society, European",12,308,4.0
416,1815,Diplomacy,16,308,5.0
417,1815,Dueling,3,308,1.0
418,1815,Family Residences (Adams Family),5,308,2.0
419,1815,French Revolution,1,308,0.0
420,1815,Hartford Convention,1,308,0.0
421,1815,Health and Illness,42,308,14.000000000000002
422,1815,Impressment,7,308,2.0
423,1815,Jay Treaty,3,308,1.0
424,1815,Louisiana Purchase,2,308,1.0
425,1815,Napoleonic Wars,24,308,8.0
426,1815,Native Americans,5,308,2.0
427,1815,Orders in Council,1,308,0.0
428,1815,Recreation,95,308,31.0
429,1815,Religion,3,308,1.0
430,1815,Slave Trade,3,308,1.0
431,1815,"Travel and Touring, International",12,308,4.0
432,1815,Treaty of Ghent,20,308,6.0
433,1815,US Constitution,1,308,0.0
434,1815,War of 1812,17,308,6.0
435,1816,African Americans,30,236,13.0
436,1816,American Revolution,4,236,2.0
437,1816,Anglo-American Definitive Peace Treaty,1,236,0.0
438,1816,Bank of the United States,4,236,2.0
439,1816,Barbary Wars,11,236,5.0
440,1816,Boylston Professor of Rhetoric and Oratory,1,236,0.0
441,1816,Commerce,12,236,5.0
442,1816,"Court Life and Society, European",25,236,11.0
443,1816,Diplomacy,11,236,5.0
444,1816,Dueling,1,236,0.0
445,1816,"Elections, Presidential 1816",3,236,1.0
446,1816,Family Finances (Adams Family),2,236,1.0
447,1816,Family Residences (Adams Family),8,236,3.0
448,1816,Foreign Relations,2,236,1.0
449,1816,Health and Illness,19,236,8.0
450,1816,Impressment,4,236,2.0
451,1816,Jay Treaty,2,236,1.0
452,1816,Latin American Wars of Independence,5,236,2.0
453,1816,Native Americans,5,236,2.0
454,1816,Orders in Council,3,236,1.0
455,1816,Recreation,47,236,20.0
456,1816,Religion,8,236,3.0
457,1816,Sectionalism,1,236,0.0
458,1816,Slave Trade,10,236,4.0
459,1816,Treaty of Ghent,5,236,2.0
460,1816,US Constitution,2,236,1.0
461,1816,Unitarianism,2,236,1.0
462,1816,War of 1812,8,236,3.0
463,1817,Adams-Onis Treaty,4,441,1.0
464,1817,African Americans,5,441,1.0
465,1817,American Revolution,2,441,0.0
466,1817,Anglo-American Definitive Peace Treaty,1,441,0.0
467,1817,Bank of the United States,12,441,3.0
468,1817,Colonization Movements,2,441,0.0
469,1817,Commerce,18,441,4.0
470,1817,"Court Life and Society, European",8,441,2.0
471,1817,Diplomacy,9,441,2.0
472,1817,European Alliances,1,441,0.0
473,1817,Family Finances (Adams Family),14,441,3.0
474,1817,Family Relations (Adams Family),1,441,0.0
475,1817,Family Residences (Adams Family),26,441,6.0
476,1817,Foreign Relations,54,441,12.0
477,1817,French Revolution,1,441,0.0
478,1817,Health and Illness,33,441,7.000000000000001
479,1817,Immigration,6,441,1.0
480,1817,Impressment,2,441,0.0
481,1817,Jay Treaty,1,441,0.0
482,1817,Latin American Wars of Independence,18,441,4.0
483,1817,Louisiana Purchase,1,441,0.0
484,1817,Mexican War of Independence,1,441,0.0
485,1817,Native Americans,9,441,2.0
486,1817,Oregon Country,5,441,1.0
487,1817,Press,4,441,1.0
488,1817,Privateering,11,441,2.0
489,1817,Recreation,87,441,20.0
490,1817,Religion,13,441,3.0
491,1817,Science and Technology,1,441,0.0
492,1817,Sectionalism,1,441,0.0
493,1817,Seminole Wars,2,441,0.0
494,1817,Slave Trade,3,441,1.0
495,1817,Slavery and Enslaved Persons,2,441,0.0
496,1817,Steam Power,3,441,1.0
497,1817,"Travel and Touring, International",52,441,12.0
498,1817,Treaty of Ghent,14,441,3.0
499,1817,US Constitution,1,441,0.0
500,1817,Unitarianism,2,441,0.0
501,1817,Utopian Communities,1,441,0.0
502,1817,War of 1812,9,441,2.0
503,1817,"West, The",1,441,0.0
504,1818,Adams-Onis Treaty,38,923,4.0
505,1818,African Americans,5,923,1.0
506,1818,American Revolution,8,923,1.0
507,1818,Asylum Movement,1,923,0.0
508,1818,Bank of the United States,16,923,2.0
509,1818,Blockades,1,923,0.0
510,1818,Canals,1,923,0.0
511,1818,Colonization Movements,2,923,0.0
512,1818,Commerce,59,923,6.0
513,1818,Convention of 1818,1,923,0.0
514,1818,Democratic-Republican Party,1,923,0.0
515,1818,Dueling,5,923,1.0
516,1818,"Elections, Presidential 1820",4,923,0.0
517,1818,Family Finances (Adams Family),53,923,6.0
518,1818,Family Relations (Adams Family),25,923,3.0
519,1818,Family Residences (Adams Family),14,923,2.0
520,1818,Florida Annexation,20,923,2.0
521,1818,Foreign Relations,138,923,15.0
522,1818,Health and Illness,86,923,9.0
523,1818,Immigration,8,923,1.0
524,1818,Impressment,5,923,1.0
525,1818,Internal Improvements,2,923,0.0
526,1818,Latin American Wars of Independence,37,923,4.0
527,1818,Louisiana Purchase,1,923,0.0
528,1818,Mexican War of Independence,1,923,0.0
529,1818,Native Americans,26,923,3.0
530,1818,Oregon Country,5,923,1.0
531,1818,Panic of 1819,1,923,0.0
532,1818,Press,35,923,4.0
533,1818,Privateering,39,923,4.0
534,1818,Recreation,97,923,11.0
535,1818,Religion,22,923,2.0
536,1818,Roads,9,923,1.0
537,1818,Science and Technology,16,923,2.0
538,1818,Sectionalism,4,923,0.0
539,1818,Seminole Wars,24,923,3.0
540,1818,Slave Trade,7,923,1.0
541,1818,Slavery and Enslaved Persons,6,923,1.0
542,1818,States Rights,2,923,0.0
543,1818,Steam Power,13,923,1.0
544,1818,Supreme Court,6,923,1.0
545,1818,Territorial Expansion,2,923,0.0
546,1818,Textile Industry,1,923,0.0
547,1818,Treaty of Ghent,37,923,4.0
548,1818,US Constitution,15,923,2.0
549,1818,War of 1812,19,923,2.0
550,1818,"West, The",5,923,1.0
551,1819,Adams-Onis Treaty,87,1151,8.0
552,1819,African Americans,11,1151,1.0
553,1819,American Revolution,11,1151,1.0
554,1819,Anti-Slavery Movements,3,1151,0.0
555,1819,Bank of the United States,31,1151,3.0
556,1819,Canals,3,1151,0.0
557,1819,Colonization Movements,11,1151,1.0
558,1819,Commerce,61,1151,5.0
559,1819,Dueling,10,1151,1.0
560,1819,"Elections, Presidential 1820",5,1151,0.0
561,1819,"Elections, Presidential 1824",1,1151,0.0
562,1819,Emancipation,3,1151,0.0
563,1819,Family Finances (Adams Family),64,1151,6.0
564,1819,Family Relations (Adams Family),19,1151,2.0
565,1819,Family Residences (Adams Family),37,1151,3.0
566,1819,Florida Annexation,51,1151,4.0
567,1819,Foreign Relations,121,1151,11.0
568,1819,Health and Illness,65,1151,6.0
569,1819,Immigration,4,1151,0.0
570,1819,Impressment,2,1151,0.0
571,1819,Industrialization,2,1151,0.0
572,1819,Internal Improvements,7,1151,1.0
573,1819,Latin American Wars of Independence,32,1151,3.0
574,1819,Louisiana Purchase,13,1151,1.0
575,1819,Mexican War of Independence,3,1151,0.0
576,1819,Missouri Compromise,4,1151,0.0
577,1819,Native Americans,20,1151,2.0
578,1819,Oregon Country,4,1151,0.0
579,1819,Panic of 1819,21,1151,2.0
580,1819,Press,26,1151,2.0
581,1819,Privateering,56,1151,5.0
582,1819,Recreation,76,1151,7.000000000000001
583,1819,Religion,25,1151,2.0
584,1819,Roads,4,1151,0.0
585,1819,Science and Technology,34,1151,3.0
586,1819,Sectionalism,9,1151,1.0
587,1819,Seminole Wars,40,1151,3.0

589,1819,Slave Trade,21,1151,2.0
590,1819,Slavery and Enslaved Persons,12,1151,1.0
591,1819,"South, The",3,1151,0.0
592,1819,States Rights,1,1151,0.0
593,1819,Steam Power,6,1151,1.0
594,1819,Suffrage,1,1151,0.0
595,1819,Supreme Court,9,1151,1.0
596,1819,Territorial Expansion,6,1151,1.0
597,1819,Treaty of Ghent,13,1151,1.0
598,1819,US Constitution,49,1151,4.0
599,1819,Utopian Communities,1,1151,0.0
600,1819,War of 1812,22,1151,2.0
601,1819,"West, The",30,1151,3.0
602,1820,Adams-Onis Treaty,52,1037,5.0
603,1820,African Americans,15,1037,1.0
604,1820,American Revolution,18,1037,2.0
605,1820,Anti-Slavery Movements,13,1037,1.0
606,1820,Bank of the United States,12,1037,1.0
607,1820,Canals,1,1037,0.0
608,1820,Caucus System,5,1037,0.0
609,1820,Colonization Movements,2,1037,0.0
610,1820,Commerce,55,1037,5.0
611,1820,Dueling,6,1037,1.0
612,1820,"Elections, Presidential 1812",1,1037,0.0
613,1820,"Elections, Presidential 1820",9,1037,1.0
614,1820,"Elections, Presidential 1824",7,1037,1.0
615,1820,Emancipation,6,1037,1.0
616,1820,Family Finances (Adams Family),39,1037,4.0
617,1820,Family Relations (Adams Family),8,1037,1.0
618,1820,Family Residences (Adams Family),35,1037,3.0
619,1820,Florida Annexation,29,1037,3.0
620,1820,Foreign Relations,101,1037,10.0
621,1820,Fugitive Slave Laws,2,1037,0.0
622,1820,Health and Illness,62,1037,6.0
623,1820,Immigration,7,1037,1.0
624,1820,Impressment,5,1037,0.0
625,1820,Internal Improvements,4,1037,0.0
626,1820,Latin American Wars of Independence,48,1037,5.0
627,1820,Louisiana Purchase,8,1037,1.0
628,1820,Mexican War of Independence,2,1037,0.0
629,1820,Missouri Compromise,48,1037,5.0
630,1820,Native Americans,22,1037,2.0
631,1820,Nullification,1,1037,0.0
632,1820,Panic of 1819,4,1037,0.0
633,1820,Press,21,1037,2.0
634,1820,Privateering,39,1037,4.0
635,1820,Pro-Slavery Movements,9,1037,1.0
636,1820,Recreation,57,1037,5.0
637,1820,Religion,52,1037,5.0
638,1820,Roads,2,1037,0.0
639,1820,Science and Technology,18,1037,2.0
640,1820,Sectionalism,28,1037,3.0
641,1820,Seminole Wars,5,1037,0.0
642,1820,Slave Trade,26,1037,3.0
643,1820,Slavery and Enslaved Persons,39,1037,4.0
644,1820,"South, The",12,1037,1.0
645,1820,States Rights,2,1037,0.0
646,1820,Steam Power,5,1037,0.0
647,1820,Supreme Court,8,1037,1.0
648,1820,Territorial Expansion,3,1037,0.0
649,1820,Texas Annexation,8,1037,1.0
650,1820,Treaty of Ghent,22,1037,2.0
651,1820,US Constitution,24,1037,2.0
652,1820,War of 1812,17,1037,2.0
653,1820,"West, The",13,1037,1.0
654,1821,Adams-Onis Treaty,51,449,11.0
655,1821,African Americans,2,449,0.0
656,1821,American Revolution,7,449,2.0
657,1821,Anti-Slavery Movements,1,449,0.0
658,1821,Bank of the United States,6,449,1.0
659,1821,Caucus System,2,449,0.0
660,1821,Colonization Movements,1,449,0.0
661,1821,Commerce,23,449,5.0
662,1821,Dueling,1,449,0.0
663,1821,"Elections, Presidential 1820",8,449,2.0
664,1821,"Elections, Presidential 1824",14,449,3.0
665,1821,Family Finances (Adams Family),3,449,1.0
666,1821,Family Relations (Adams Family),12,449,3.0
667,1821,Family Residences (Adams Family),10,449,2.0
668,1821,Florida Annexation,29,449,6.0
669,1821,Foreign Relations,33,449,7.000000000000001
670,1821,Health and Illness,7,449,2.0
671,1821,Impressment,1,449,0.0
672,1821,Industrialization,1,449,0.0
673,1821,Internal Improvements,4,449,1.0
674,1821,Latin American Wars of Independence,6,449,1.0
675,1821,Louisiana Purchase,14,449,3.0
676,1821,Mexican War of Independence,3,449,1.0
677,1821,Missouri Compromise,12,449,3.0
678,1821,Native Americans,4,449,1.0
679,1821,Oregon Country,6,449,1.0
680,1821,Panic of 1819,6,449,1.0
681,1821,Press,5,449,1.0
682,1821,Privateering,2,449,0.0
683,1821,Pro-Slavery Movements,1,449,0.0
684,1821,Recreation,11,449,2.0
685,1821,Religion,25,449,6.0
686,1821,Roads,1,449,0.0
687,1821,Science and Technology,2,449,0.0
688,1821,Second Great Awakening,2,449,0.0
689,1821,Sectionalism,6,449,1.0
690,1821,Seminole Wars,7,449,2.0
691,1821,Slave Trade,30,449,7.000000000000001
692,1821,Slavery and Enslaved Persons,5,449,1.0
693,1821,States Rights,2,449,0.0
694,1821,Steam Power,11,449,2.0
695,1821,Supreme Court,4,449,1.0
696,1821,Territorial Expansion,5,449,1.0
697,1821,Treaty of Ghent,24,449,5.0
698,1821,US Constitution,13,449,3.0
699,1821,Unitarianism,7,449,2.0
700,1821,War of 1812,11,449,2.0
701,1821,"West, The",8,449,2.0
702,1822,Adams-Onis Treaty,15,534,3.0
703,1822,African Americans,3,534,1.0
704,1822,American Revolution,5,534,1.0
705,1822,Anti-Slavery Movements,2,534,0.0
706,1822,Bank of the United States,1,534,0.0
707,1822,Blockades,2,534,0.0
708,1822,Caucus System,4,534,1.0
709,1822,Colonization Movements,1,534,0.0
710,1822,Commerce,20,534,4.0
711,1822,Democratic-Republican Party,4,534,1.0
712,1822,Dueling,1,534,0.0
713,1822,"Elections, Presidential 1816",1,534,0.0
714,1822,"Elections, Presidential 1824",29,534,5.0
715,1822,Emancipation,2,534,0.0
716,1822,Family Finances (Adams Family),7,534,1.0
717,1822,Florida Annexation,5,534,1.0
718,1822,Foreign Relations,61,534,11.0
719,1822,Fugitive Slave Laws,3,534,1.0
720,1822,Health and Illness,23,534,4.0
721,1822,Internal Improvements,4,534,1.0
722,1822,Latin American Wars of Independence,19,534,4.0
723,1822,Louisiana Purchase,4,534,1.0
724,1822,Mexican War of Independence,7,534,1.0
725,1822,Missouri Compromise,1,534,0.0
726,1822,Native Americans,15,534,3.0
727,1822,Oregon Country,8,534,1.0
728,1822,Press,39,534,7.000000000000001
729,1822,Privateering,16,534,3.0
730,1822,Recreation,103,534,19.0
731,1822,Religion,3,534,1.0
732,1822,Sectionalism,9,534,2.0
733,1822,Slave Trade,28,534,5.0
734,1822,Slavery and Enslaved Persons,17,534,3.0
735,1822,States Rights,1,534,0.0
736,1822,Treaty of Ghent,44,534,8.0
737,1822,US Constitution,9,534,2.0
738,1822,Unitarianism,13,534,2.0
739,1822,War of 1812,5,534,1.0
740,1823,Adams-Onis Treaty,3,322,1.0
741,1823,Anti-Slavery Movements,1,322,0.0
742,1823,Bank of the United States,4,322,1.0
743,1823,Blockades,2,322,1.0
744,1823,Caucus System,6,322,2.0
745,1823,Colonization Movements,1,322,0.0
746,1823,Commerce,3,322,1.0
747,1823,Democratic-Republican Party,1,322,0.0
748,1823,Dueling,3,322,1.0
749,1823,"Elections, Presidential 1824",15,322,5.0
750,1823,Era of Good Feelings,1,322,0.0
751,1823,Family Finances (Adams Family),14,322,4.0
752,1823,Family Relations (Adams Family),8,322,2.0
753,1823,Family Residences (Adams Family),2,322,1.0
754,1823,Foreign Relations,31,322,10.0
755,1823,Health and Illness,24,322,7.000000000000001
756,1823,Impressment,4,322,1.0
757,1823,Internal Improvements,3,322,1.0
758,1823,Latin American Wars of Independence,6,322,2.0
759,1823,Louisiana Purchase,3,322,1.0
760,1823,Monroe Doctrine,14,322,4.0
761,1823,Native Americans,1,322,0.0
762,1823,Oregon Country,15,322,5.0
763,1823,Press,1,322,0.0
764,1823,Privateering,9,322,3.0
765,1823,Recreation,77,322,24.0
766,1823,Science and Technology,4,322,1.0
767,1823,Sectionalism,1,322,0.0
768,1823,Slave Trade,28,322,9.0
769,1823,Slavery and Enslaved Persons,5,322,2.0
770,1823,Steam Power,2,322,1.0
771,1823,Supreme Court,11,322,3.0
772,1823,Treaty of Ghent,9,322,3.0
773,1823,US Constitution,3,322,1.0
774,1823,Unitarianism,3,322,1.0
775,1823,War of 1812,4,322,1.0
776,1824,Adams-Onis Treaty,7,474,1.0
777,1824,African Americans,8,474,2.0
778,1824,American Revolution,4,474,1.0
779,1824,Bank of the United States,1,474,0.0
780,1824,Blockades,3,474,1.0
781,1824,Canals,1,474,0.0
782,1824,Caucus System,34,474,7.000000000000001
783,1824,Colonization Movements,1,474,0.0
784,1824,Commerce,2,474,0.0
785,1824,Corrupt Bargain,2,474,0.0
786,1824,Democratic-Republican Party,3,474,1.0
787,1824,Dueling,9,474,2.0
788,1824,"Elections, Presidential 1816",1,474,0.0
789,1824,"Elections, Presidential 1824",98,474,21.0
790,1824,Era of Good Feelings,1,474,0.0
791,1824,Family Finances (Adams Family),13,474,3.0
792,1824,Family Residences (Adams Family),4,474,1.0
793,1824,Foreign Relations,35,474,7.000000000000001
794,1824,Health and Illness,26,474,5.0
795,1824,Industrialization,1,474,0.0
796,1824,Internal Improvements,9,474,2.0
797,1824,Louisiana Purchase,2,474,0.0
798,1824,Missouri Compromise,2,474,0.0
799,1824,Monroe Doctrine,1,474,0.0
800,1824,Native Americans,14,474,3.0
801,1824,Oregon Country,10,474,2.0
802,1824,Privateering,10,474,2.0
803,1824,Recreation,80,474,17.0
804,1824,Reform Movements,2,474,0.0
805,1824,Roads,1,474,0.0
806,1824,Sectionalism,7,474,1.0
807,1824,Seminole Wars,1,474,0.0
808,1824,Slave Trade,25,474,5.0
809,1824,Slavery and Enslaved Persons,28,474,6.0
810,1824,States Rights,4,474,1.0
811,1824,Textile Industry,1,474,0.0
812,1824,Treaty of Ghent,2,474,0.0
813,1824,US Constitution,8,474,2.0
814,1824,Unitarianism,4,474,1.0
815,1824,Utopian Communities,6,474,1.0
816,1824,War of 1812,3,474,1.0
817,1825,Adams-Onis Treaty,2,339,1.0
818,1825,African Americans,6,339,2.0
819,1825,American Revolution,2,339,1.0
820,1825,Bank of the United States,1,339,0.0
821,1825,Canals,5,339,1.0
822,1825,Colonization Movements,1,339,0.0
823,1825,Corrupt Bargain,7,339,2.0
824,1825,Dueling,1,339,0.0
825,1825,"Elections, Presidential 1824",28,339,8.0
826,1825,Family Finances (Adams Family),9,339,3.0
827,1825,Family Residences (Adams Family),8,339,2.0
828,1825,Foreign Relations,25,339,7.000000000000001
829,1825,Health and Illness,25,339,7.000000000000001
830,1825,Internal Improvements,15,339,4.0
831,1825,Latin American Wars of Independence,2,339,1.0
832,1825,Native Americans,75,339,22.0
833,1825,Privateering,1,339,0.0
834,1825,Recreation,93,339,27.0
835,1825,Science and Technology,1,339,0.0
836,1825,Sectionalism,2,339,1.0
837,1825,Seminole Wars,1,339,0.0
838,1825,Slave Trade,7,339,2.0
839,1825,Slavery and Enslaved Persons,7,339,2.0
840,1825,States Rights,1,339,0.0
841,1825,Treaty of Ghent,2,339,1.0
842,1825,US Constitution,1,339,0.0
843,1825,Unitarianism,2,339,1.0
844,1825,Utopian Communities,6,339,2.0
845,1825,War of 1812,3,339,1.0
846,1826,African Americans,5,345,1.0
847,1826,American Revolution,3,345,1.0
848,1826,Bank of the United States,2,345,1.0
849,1826,Canals,8,345,2.0
850,1826,Colonization Movements,1,345,0.0
851,1826,Commerce,2,345,1.0
852,1826,"Elections, Presidential 1824",1,345,0.0
853,1826,Emancipation,1,345,0.0
854,1826,Family Finances (Adams Family),32,345,9.0
855,1826,Family Relations (Adams Family),21,345,6.0
856,1826,Family Residences (Adams Family),6,345,2.0
857,1826,Foreign Relations,22,345,6.0
858,1826,Health and Illness,20,345,6.0
859,1826,Industrialization,2,345,1.0
860,1826,Internal Improvements,4,345,1.0
861,1826,Native Americans,28,345,8.0
862,1826,Oregon Country,3,345,1.0
863,1826,Railroads,7,345,2.0
864,1826,Recreation,140,345,41.0
865,1826,Religion,1,345,0.0
866,1826,Roads,2,345,1.0
867,1826,Slave Trade,3,345,1.0
868,1826,Slavery and Enslaved Persons,10,345,3.0
869,1826,Steam Power,1,345,0.0
870,1826,Supreme Court,3,345,1.0
871,1826,Telegraph,1,345,0.0
872,1826,Territorial Expansion,2,345,1.0
873,1826,Treaty of Ghent,6,345,2.0
874,1826,US Constitution,1,345,0.0
875,1826,Unitarianism,3,345,1.0
876,1826,War of 1812,4,345,1.0
877,1827,African Americans,5,388,1.0
878,1827,Anti-Masonic Party,2,388,1.0
879,1827,Blockades,1,388,0.0
880,1827,Canals,15,388,4.0
881,1827,Colonization Movements,8,388,2.0
882,1827,Commerce,3,388,1.0
883,1827,Corrupt Bargain,2,388,1.0
884,1827,Dueling,7,388,2.0
885,1827,"Elections, Presidential 1828",4,388,1.0
886,1827,Emancipation,1,388,0.0
887,1827,Family Finances (Adams Family),15,388,4.0
888,1827,Family Relations (Adams Family),3,388,1.0
889,1827,Family Residences (Adams Family),7,388,2.0
890,1827,Foreign Relations,22,388,6.0
891,1827,Health and Illness,22,388,6.0
892,1827,Impressment,1,388,0.0
893,1827,Industrialization,2,388,1.0
894,1827,Internal Improvements,5,388,1.0
895,1827,Louisiana Purchase,2,388,1.0
896,1827,Missouri Compromise,1,388,0.0
897,1827,Native Americans,39,388,10.0
898,1827,Privateering,1,388,0.0
899,1827,Railroads,5,388,1.0
900,1827,Recreation,181,388,47.0
901,1827,Religion,1,388,0.0
902,1827,Science and Technology,1,388,0.0
903,1827,Slave Trade,5,388,1.0
904,1827,Slavery and Enslaved Persons,1,388,0.0
905,1827,States Rights,7,388,2.0
906,1827,Steam Power,1,388,0.0
907,1827,Suffrage,1,388,0.0
908,1827,Temperance Movement,2,388,1.0
909,1827,Territorial Expansion,2,388,1.0
910,1827,Textile Industry,3,388,1.0
911,1827,US Constitution,2,388,1.0
912,1827,Unitarianism,5,388,1.0
913,1827,War of 1812,2,388,1.0
914,1827,"West, The",1,388,0.0
915,1828,African Americans,8,440,2.0
916,1828,American Revolution,3,440,1.0
917,1828,Anti-Masonic Party,4,440,1.0
918,1828,Blockades,3,440,1.0
919,1828,Canals,15,440,3.0
920,1828,Colonization Movements,4,440,1.0
921,1828,Commerce,1,440,0.0
922,1828,Corrupt Bargain,4,440,1.0
923,1828,Dueling,3,440,1.0
924,1828,"Elections, Presidential 1812",1,440,0.0
925,1828,"Elections, Presidential 1824",1,440,0.0
926,1828,"Elections, Presidential 1828",16,440,4.0
927,1828,"Elections, Presidential 1832",1,440,0.0
928,1828,Family Finances (Adams Family),7,440,2.0
929,1828,Family Relations (Adams Family),1,440,0.0
930,1828,Federalist Party,7,440,2.0
931,1828,Foreign Relations,23,440,5.0
932,1828,Hartford Convention,2,440,0.0
933,1828,Health and Illness,16,440,4.0
934,1828,Internal Improvements,8,440,2.0
935,1828,Louisiana Purchase,1,440,0.0
936,1828,Native Americans,78,440,18.0
937,1828,Oregon Country,1,440,0.0
938,1828,Privateering,5,440,1.0
939,1828,Railroads,3,440,1.0
940,1828,Recreation,184,440,42.0
941,1828,Religion,5,440,1.0
942,1828,Science and Technology,1,440,0.0
943,1828,Sectionalism,2,440,0.0
944,1828,Slave Trade,16,440,4.0
945,1828,Slavery and Enslaved Persons,4,440,1.0
946,1828,Supreme Court,4,440,1.0
947,1828,Treaty of Ghent,2,440,0.0
948,1828,US Constitution,2,440,0.0
949,1828,Unitarianism,3,440,1.0
950,1828,War of 1812,1,440,0.0
951,1829,African Americans,2,309,1.0
952,1829,American Revolution,2,309,1.0
953,1829,Anti-Masonic Party,4,309,1.0
954,1829,Bank of the United States,1,309,0.0
955,1829,Canals,7,309,2.0
956,1829,Colonization Movements,1,309,0.0
957,1829,Dueling,2,309,1.0
958,1829,"Elections, Presidential 1828",2,309,1.0
959,1829,"Elections, Presidential 1832",1,309,0.0
960,1829,Family Finances (Adams Family),37,309,12.0
961,1829,Family Relations (Adams Family),1,309,0.0
962,1829,Family Residences (Adams Family),11,309,4.0
963,1829,Federalist Party,5,309,2.0
964,1829,Foreign Relations,8,309,3.0
965,1829,Hartford Convention,5,309,2.0
966,1829,Health and Illness,17,309,6.0
967,1829,Impressment,1,309,0.0
968,1829,Internal Improvements,1,309,0.0
969,1829,Louisiana Purchase,1,309,0.0
970,1829,Native Americans,18,309,6.0
971,1829,Privateering,2,309,1.0
972,1829,Railroads,1,309,0.0
973,1829,Recreation,134,309,43.0
974,1829,Religion,16,309,5.0
975,1829,Sectionalism,4,309,1.0
976,1829,Slave Trade,1,309,0.0
977,1829,Spoils System,15,309,5.0
978,1829,States Rights,1,309,0.0
979,1829,Steam Power,1,309,0.0
980,1829,Supreme Court,3,309,1.0
981,1829,Unitarianism,3,309,1.0
982,1829,War of 1812,1,309,0.0
983,1830,American Revolution,9,501,2.0
984,1830,Anti-Masonic Party,13,501,3.0
985,1830,Bank of the United States,3,501,1.0
986,1830,Boylston Professor of Rhetoric and Oratory,1,501,0.0
987,1830,Canals,4,501,1.0
988,1830,Corrupt Bargain,2,501,0.0
989,1830,Democratic Party,2,501,0.0
990,1830,Democratic-Republican Party,1,501,0.0
991,1830,Diplomacy,15,501,3.0
992,1830,Dueling,3,501,1.0
993,1830,"Elections, Presidential 1832",14,501,3.0
994,1830,Essex Junto,1,501,0.0
995,1830,European Alliances,2,501,0.0
996,1830,Family Finances (Adams Family),37,501,7.000000000000001
997,1830,Family Relations (Adams Family),9,501,2.0
998,1830,Family Residences (Adams Family),4,501,1.0
999,1830,Federalist Party,3,501,1.0
1000,1830,Florida Annexation,2,501,0.0
1001,1830,Foreign Relations,36,501,7.000000000000001
1002,1830,Hartford Convention,2,501,0.0
1003,1830,Health and Illness,82,501,16.0
1004,1830,Internal Improvements,6,501,1.0
1005,1830,Latin American Wars of Independence,1,501,0.0
1006,1830,Louisiana Purchase,1,501,0.0
1007,1830,National Republican Party,3,501,1.0
1008,1830,Native Americans,14,501,3.0
1009,1830,Nullification,5,501,1.0
1010,1830,Press,5,501,1.0
1011,1830,Privateering,1,501,0.0
1012,1830,Quasi-War,1,501,0.0
1013,1830,Railroads,4,501,1.0
1014,1830,Recreation,76,501,15.0
1015,1830,Religion,73,501,15.0
1016,1830,Roads,1,501,0.0
1017,1830,Science and Technology,3,501,1.0
1018,1830,Seminole Wars,3,501,1.0
1019,1830,Slavery and Enslaved Persons,4,501,1.0
1020,1830,Spoils System,13,501,3.0
1021,1830,Steam Power,2,501,0.0
1022,1830,Supreme Court,12,501,2.0
1023,1830,Tariff of 1828,5,501,1.0
1024,1830,Treaty of Ghent,2,501,0.0
1025,1830,US Constitution,8,501,2.0
1026,1830,Unitarianism,13,501,3.0
1027,1831,African Americans,2,790,0.0
1028,1831,American Revolution,20,790,3.0
1029,1831,American System,1,790,0.0
1030,1831,Anglo-American Definitive Peace Treaty,2,790,0.0
1031,1831,Anti-Masonic Party,41,790,5.0
1032,1831,Anti-Slavery Movements,2,790,0.0
1033,1831,Anti-Slavery Petitions,3,790,0.0
1034,1831,Articles of Confederation,2,790,0.0
1035,1831,Bank of the United States,8,790,1.0
1036,1831,Barbary Wars,1,790,0.0
1037,1831,Boylston Professor of Rhetoric and Oratory,1,790,0.0
1038,1831,Canals,4,790,1.0
1039,1831,Colonization Movements,3,790,0.0
1040,1831,Commerce,5,790,1.0
1041,1831,Continental Congress,4,790,1.0
1042,1831,Diplomacy,11,790,1.0
1043,1831,Dueling,2,790,0.0
1044,1831,"Elections, Presidential 1824",1,790,0.0
1045,1831,"Elections, Presidential 1828",5,790,1.0
1046,1831,"Elections, Presidential 1832",30,790,4.0
1047,1831,Emancipation,1,790,0.0
1048,1831,Era of Good Feelings,1,790,0.0
1049,1831,European Alliances,1,790,0.0
1050,1831,Family Finances (Adams Family),51,790,6.0
1051,1831,Family Relations (Adams Family),8,790,1.0
1052,1831,Family Residences (Adams Family),13,790,2.0
1053,1831,Federalist Party,1,790,0.0
1054,1831,Florida Annexation,3,790,0.0
1055,1831,Foreign Relations,26,790,3.0
1056,1831,Health and Illness,86,790,11.0
1057,1831,Internal Improvements,9,790,1.0
1058,1831,Napoleonic Wars,1,790,0.0
1059,1831,National Nominating Conventions,7,790,1.0
1060,1831,National Republican Party,6,790,1.0
1061,1831,Native Americans,17,790,2.0
1062,1831,Northwest Ordinance,1,790,0.0
1063,1831,Nullification,8,790,1.0
1064,1831,Press,14,790,2.0
1065,1831,Railroads,7,790,1.0
1066,1831,Recreation,122,790,15.0
1067,1831,Religion,171,790,22.0
1068,1831,Roads,1,790,0.0
1069,1831,Science and Technology,1,790,0.0
1070,1831,Seminole Wars,10,790,1.0
1071,1831,Slave Trade,3,790,0.0
1072,1831,Slavery and Enslaved Persons,6,790,1.0
1073,1831,"South, The",3,790,0.0
1074,1831,Spoils System,4,790,1.0
1075,1831,Steam Power,8,790,1.0
1076,1831,Supreme Court,15,790,2.0
1077,1831,Tariff of 1816,1,790,0.0
1078,1831,Tariff of 1828,9,790,1.0
1079,1831,Temperance Movement,1,790,0.0
1080,1831,Treaty of Ghent,1,790,0.0
1081,1831,US Constitution,8,790,1.0
1082,1831,Unitarianism,14,790,2.0
1083,1831,War of 1812,2,790,0.0
1084,1831,Women's Rights,1,790,0.0
1085,1832,African Americans,3,789,0.0
1086,1832,American Revolution,21,789,3.0
1087,1832,Anti-Masonic Party,10,789,1.0
1088,1832,Anti-Slavery Movements,1,789,0.0
1089,1832,Anti-Slavery Petitions,4,789,1.0
1090,1832,Asylum Movement,3,789,0.0
1091,1832,Bank of the United States,79,789,10.0
1092,1832,Canals,6,789,1.0
1093,1832,Colonization Movements,3,789,0.0
1094,1832,Commerce,23,789,3.0
1095,1832,Continental Congress,1,789,0.0
1096,1832,Democratic-Republican Party,1,789,0.0
1097,1832,Diplomacy,17,789,2.0
1098,1832,"Elections, Presidential 1832",13,789,2.0
1099,1832,Emancipation,1,789,0.0
1100,1832,Family Finances (Adams Family),60,789,8.0
1101,1832,Family Relations (Adams Family),10,789,1.0
1102,1832,Family Residences (Adams Family),4,789,1.0
1103,1832,Foreign Relations,21,789,3.0
1104,1832,Health and Illness,88,789,11.0
1105,1832,Internal Improvements,7,789,1.0
1106,1832,Missouri Compromise,1,789,0.0
1107,1832,National Nominating Conventions,1,789,0.0
1108,1832,National Republican Party,9,789,1.0
1109,1832,Native Americans,19,789,2.0
1110,1832,Nullification,20,789,3.0
1111,1832,Press,25,789,3.0
1112,1832,Privateering,2,789,0.0
1113,1832,Prussian-American Treaty of Amity and Commerce,3,789,0.0
1114,1832,Railroads,8,789,1.0
1115,1832,Recreation,60,789,8.0
1116,1832,Religion,187,789,24.0
1117,1832,Science and Technology,5,789,1.0
1118,1832,Seminole Wars,1,789,0.0
1119,1832,Slave Trade,1,789,0.0
1120,1832,Slavery and Enslaved Persons,2,789,0.0
1121,1832,"South, The",2,789,0.0
1122,1832,Spoils System,3,789,0.0
1123,1832,Steam Power,6,789,1.0
1124,1832,Supreme Court,7,789,1.0
1125,1832,Tariff of 1828,32,789,4.0
1126,1832,Temperance Movement,1,789,0.0
1127,1832,US Constitution,11,789,1.0
1128,1832,Unitarianism,3,789,0.0
1129,1832,War of 1812,4,789,1.0
1130,1833,African Americans,3,673,0.0
1131,1833,Alien and Sedition Acts,1,673,0.0
1132,1833,American Revolution,24,673,4.0
1133,1833,American System,1,673,0.0
1134,1833,Anti-Masonic Party,37,673,5.0
1135,1833,Anti-Slavery Movements,1,673,0.0
1136,1833,Anti-Slavery Petitions,3,673,0.0
1137,1833,Asylum Movement,1,673,0.0
1138,1833,Bank of the United States,31,673,5.0
1139,1833,Boylston Professor of Rhetoric and Oratory,1,673,0.0
1140,1833,Canals,2,673,0.0
1141,1833,Colonization Movements,4,673,1.0
1142,1833,Commerce,4,673,1.0
1143,1833,Democratic-Republican Party,1,673,0.0
1144,1833,Diplomacy,6,673,1.0
1145,1833,"Elections, Presidential 1832",6,673,1.0
1146,1833,"Elections, Presidential 1836",3,673,0.0
1147,1833,Emancipation,3,673,0.0
1148,1833,Embargo,1,673,0.0
1149,1833,Essex Junto,1,673,0.0
1150,1833,Family Finances (Adams Family),43,673,6.0
1151,1833,Family Relations (Adams Family),7,673,1.0
1152,1833,Family Residences (Adams Family),5,673,1.0
1153,1833,Federalist Party,2,673,0.0
1154,1833,Foreign Relations,10,673,1.0
1155,1833,Hartford Convention,2,673,0.0
1156,1833,Health and Illness,124,673,18.0
1157,1833,Internal Improvements,5,673,1.0
1158,1833,Jay Treaty,1,673,0.0
1159,1833,Napoleonic Wars,1,673,0.0
1160,1833,National Republican Party,20,673,3.0
1161,1833,Native Americans,5,673,1.0
1162,1833,Nullification,22,673,3.0
1163,1833,Press,60,673,9.0
1164,1833,Railroads,7,673,1.0
1165,1833,Recreation,82,673,12.0
1166,1833,Religion,87,673,13.0
1167,1833,Science and Technology,7,673,1.0
1168,1833,Slavery and Enslaved Persons,5,673,1.0
1169,1833,"South, The",1,673,0.0
1170,1833,Spoils System,2,673,0.0
1171,1833,Steam Power,6,673,1.0
1172,1833,Supreme Court,9,673,1.0
1173,1833,Tariff of 1828,2,673,0.0
1174,1833,Temperance Movement,4,673,1.0
1175,1833,Treaty of Ghent,2,673,0.0
1176,1833,US Constitution,10,673,1.0
1177,1833,Unitarianism,4,673,1.0
1178,1833,War of 1812,4,673,1.0
1179,1834,African Americans,3,820,0.0
1180,1834,Alien and Sedition Acts,1,820,0.0
1181,1834,American Revolution,29,820,4.0
1182,1834,Anti-Masonic Party,22,820,3.0
1183,1834,Anti-Slavery Petitions,3,820,0.0
1184,1834,Bank of the United States,105,820,13.0
1185,1834,Canals,11,820,1.0
1186,1834,Commerce,11,820,1.0
1187,1834,Democratic Party,1,820,0.0
1188,1834,Diplomacy,23,820,3.0
1189,1834,"Elections, Presidential 1832",2,820,0.0
1190,1834,"Elections, Presidential 1836",7,820,1.0
1191,1834,Emancipation,2,820,0.0
1192,1834,Family Finances (Adams Family),43,820,5.0
1193,1834,Family Relations (Adams Family),16,820,2.0
1194,1834,Family Residences (Adams Family),17,820,2.0
1195,1834,Federalist Party,1,820,0.0
1196,1834,Foreign Relations,32,820,4.0
1197,1834,French Revolution,6,820,1.0
1198,1834,Hartford Convention,1,820,0.0
1199,1834,Health and Illness,111,820,14.000000000000002
1200,1834,Indian Removal,1,820,0.0
1201,1834,Internal Improvements,35,820,4.0
1202,1834,National Republican Party,4,820,0.0
1203,1834,Native Americans,23,820,3.0
1204,1834,Nullification,10,820,1.0
1205,1834,Press,41,820,5.0
1206,1834,Railroads,9,820,1.0
1207,1834,Recreation,99,820,12.0
1208,1834,Religion,77,820,9.0
1209,1834,Roads,2,820,0.0
1210,1834,Science and Technology,8,820,1.0
1211,1834,Slavery and Enslaved Persons,6,820,1.0
1212,1834,Steam Power,10,820,1.0
1213,1834,Supreme Court,9,820,1.0
1214,1834,Temperance Movement,2,820,0.0
1215,1834,Treaty of Ghent,1,820,0.0
1216,1834,US Constitution,11,820,1.0
1217,1834,Unitarianism,4,820,0.0
1218,1834,War of 1812,13,820,2.0
1219,1834,Whig Party,8,820,1.0
1220,1835,African Americans,4,690,1.0
1221,1835,American Revolution,12,690,2.0
1222,1835,American System,1,690,0.0
1223,1835,Anti-Masonic Party,15,690,2.0
1224,1835,Anti-Slavery Movements,6,690,1.0
1225,1835,Anti-Slavery Petitions,8,690,1.0
1226,1835,Bank of the United States,12,690,2.0
1227,1835,Boylston Professor of Rhetoric and Oratory,2,690,0.0
1228,1835,Canals,2,690,0.0
1229,1835,Colonization Movements,4,690,1.0
1230,1835,Commerce,3,690,0.0
1231,1835,Democratic Party,4,690,1.0
1232,1835,Democratic-Republican Party,1,690,0.0
1233,1835,Diplomacy,7,690,1.0
1234,1835,Dueling,2,690,0.0
1235,1835,"Elections, Presidential 1828",1,690,0.0
1236,1835,"Elections, Presidential 1836",27,690,4.0
1237,1835,Emancipation,3,690,0.0
1238,1835,Family Finances (Adams Family),61,690,9.0
1239,1835,Family Relations (Adams Family),19,690,3.0
1240,1835,Family Residences (Adams Family),5,690,1.0
1241,1835,Federalist Party,1,690,0.0
1242,1835,Foreign Relations,33,690,5.0
1243,1835,French Revolution,1,690,0.0
1244,1835,Hartford Convention,1,690,0.0
1245,1835,Health and Illness,86,690,12.0
1246,1835,Internal Improvements,9,690,1.0
1247,1835,Louisiana Purchase,1,690,0.0
1248,1835,Missouri Compromise,1,690,0.0
1249,1835,Native Americans,12,690,2.0
1250,1835,Northwest Ordinance,1,690,0.0
1251,1835,Nullification,2,690,0.0
1252,1835,Press,71,690,10.0
1253,1835,Railroads,11,690,2.0
1254,1835,Recreation,78,690,11.0
1255,1835,Reform Movements,1,690,0.0
1256,1835,Religion,73,690,11.0
1257,1835,Science and Technology,12,690,2.0
1258,1835,Slave Trade,1,690,0.0
1259,1835,Slavery and Enslaved Persons,10,690,1.0
1260,1835,Smithsonian Institution,3,690,0.0
1261,1835,"South, The",7,690,1.0
1262,1835,States Rights,1,690,0.0
1263,1835,Steam Power,10,690,1.0
1264,1835,Supreme Court,7,690,1.0
1265,1835,Temperance Movement,4,690,1.0
1266,1835,Territorial Expansion,3,690,0.0
1267,1835,Treaty of Ghent,2,690,0.0
1268,1835,US Constitution,17,690,2.0
1269,1835,Unitarianism,6,690,1.0
1270,1835,War of 1812,5,690,1.0
1271,1835,Whig Party,21,690,3.0
1272,1836,African Americans,5,627,1.0
1273,1836,Alien and Sedition Acts,4,627,1.0
1274,1836,American Revolution,15,627,2.0
1275,1836,Anglo-American Definitive Peace Treaty,1,627,0.0
1276,1836,Anti-Masonic Party,6,627,1.0
1277,1836,Anti-Slavery Movements,3,627,0.0
1278,1836,Anti-Slavery Petitions,21,627,3.0
1279,1836,Articles of Confederation,3,627,0.0
1280,1836,Bank of the United States,13,627,2.0
1281,1836,Colonization Movements,1,627,0.0
1282,1836,Commerce,4,627,1.0
1283,1836,Democratic Party,1,627,0.0
1284,1836,Diplomacy,7,627,1.0
1285,1836,Dueling,3,627,0.0
1286,1836,"Elections, Presidential 1836",19,627,3.0
1287,1836,Family Finances (Adams Family),52,627,8.0
1288,1836,Family Relations (Adams Family),9,627,1.0
1289,1836,Family Residences (Adams Family),10,627,2.0
1290,1836,Federalist Papers,5,627,1.0
1291,1836,Foreign Relations,29,627,5.0
1292,1836,French Revolution,1,627,0.0
1293,1836,Gag Rule,9,627,1.0
1294,1836,Hartford Convention,1,627,0.0
1295,1836,Health and Illness,79,627,13.0
1296,1836,Internal Improvements,10,627,2.0
1297,1836,Louisiana Purchase,1,627,0.0
1298,1836,Native Americans,38,627,6.0
1299,1836,Nullification,4,627,1.0
1300,1836,Press,47,627,7.000000000000001
1301,1836,Railroads,8,627,1.0
1302,1836,Recreation,47,627,7.000000000000001
1303,1836,Religion,54,627,9.0
1304,1836,Roads,3,627,0.0
1305,1836,Science and Technology,9,627,1.0
1306,1836,Slavery and Enslaved Persons,20,627,3.0
1307,1836,Smithsonian Institution,15,627,2.0
1308,1836,"South, The",1,627,0.0
1309,1836,Steam Power,7,627,1.0
1310,1836,Supreme Court,2,627,0.0
1311,1836,Temperance Movement,2,627,0.0
1312,1836,Territorial Expansion,8,627,1.0
1313,1836,Texas Revolution and Independence,21,627,3.0
1314,1836,US Constitution,17,627,3.0
1315,1836,Unitarianism,2,627,0.0
1316,1836,War of 1812,4,627,1.0
1317,1836,Whig Party,6,627,1.0
1318,1837,African Americans,3,607,0.0
1319,1837,American Revolution,31,607,5.0
1320,1837,Anglo-American Definitive Peace Treaty,2,607,0.0
1321,1837,Anti-Masonic Party,1,607,0.0
1322,1837,Anti-Slavery Movements,13,607,2.0
1323,1837,Anti-Slavery Petitions,49,607,8.0
1324,1837,Bank of the United States,23,607,4.0
1325,1837,Colonization Movements,7,607,1.0
1326,1837,Democratic Party,2,607,0.0
1327,1837,Diplomacy,5,607,1.0
1328,1837,Dueling,3,607,0.0
1329,1837,"Elections, Presidential 1836",1,607,0.0
1330,1837,"Elections, Presidential 1840",1,607,0.0
1331,1837,Emancipation,2,607,0.0
1332,1837,Family Finances (Adams Family),29,607,5.0
1333,1837,Family Residences (Adams Family),10,607,2.0
1334,1837,Federalist Papers,1,607,0.0
1335,1837,Federalist Party,2,607,0.0
1336,1837,Foreign Relations,8,607,1.0
1337,1837,Gag Rule,15,607,2.0
1338,1837,Health and Illness,51,607,8.0
1339,1837,Internal Improvements,2,607,0.0
1340,1837,Louisiana Purchase,1,607,0.0
1341,1837,Missouri Compromise,1,607,0.0
1342,1837,Napoleonic Wars,1,607,0.0
1343,1837,Native Americans,29,607,5.0
1344,1837,Northwest Ordinance,1,607,0.0
1345,1837,Nullification,8,607,1.0
1346,1837,Panic of 1837,19,607,3.0
1347,1837,Press,50,607,8.0
1348,1837,Quasi-War,1,607,0.0
1349,1837,Railroads,6,607,1.0
1350,1837,Recreation,52,607,9.0
1351,1837,Reform Movements,1,607,0.0
1352,1837,Religion,54,607,9.0
1353,1837,Science and Technology,5,607,1.0
1354,1837,Shays's Rebellion,1,607,0.0
1355,1837,Slave Trade,8,607,1.0
1356,1837,Slavery and Enslaved Persons,15,607,2.0
1357,1837,Smithsonian Institution,1,607,0.0
1358,1837,"South, The",9,607,1.0
1359,1837,Steam Power,7,607,1.0
1360,1837,Supreme Court,1,607,0.0
1361,1837,Temperance Movement,3,607,0.0
1362,1837,Territorial Expansion,2,607,0.0
1363,1837,Texas Revolution and Independence,38,607,6.0
1364,1837,Treaty of Ghent,3,607,0.0
1365,1837,US Constitution,9,607,1.0
1366,1837,Unitarianism,5,607,1.0
1367,1837,War of 1812,4,607,1.0
1368,1837,Whig Party,11,607,2.0
1369,1838,Adams-Onis Treaty,1,749,0.0
1370,1838,African Americans,7,749,1.0
1371,1838,American Revolution,20,749,3.0
1372,1838,Anglo-American Definitive Peace Treaty,1,749,0.0
1373,1838,Anti-Masonic Party,3,749,0.0
1374,1838,Anti-Slavery Movements,15,749,2.0
1375,1838,Anti-Slavery Petitions,23,749,3.0
1376,1838,Bank of the United States,13,749,2.0
1377,1838,Canals,3,749,0.0
1378,1838,Colonization Movements,2,749,0.0
1379,1838,Commerce,1,749,0.0
1380,1838,Continental Congress,1,749,0.0
1381,1838,Democratic Party,7,749,1.0
1382,1838,Diplomacy,3,749,0.0
1383,1838,Dueling,46,749,6.0
1384,1838,"Elections, Presidential 1840",3,749,0.0
1385,1838,Emancipation,4,749,1.0
1386,1838,Family Finances (Adams Family),22,749,3.0
1387,1838,Family Relations (Adams Family),2,749,0.0
1388,1838,Family Residences (Adams Family),11,749,1.0
1389,1838,Federalist Party,1,749,0.0
1390,1838,Florida Annexation,1,749,0.0
1391,1838,Foreign Relations,30,749,4.0
1392,1838,Fugitive Slave Laws,1,749,0.0
1393,1838,Gag Rule,21,749,3.0
1394,1838,Health and Illness,80,749,11.0
1395,1838,Indian Removal,9,749,1.0
1396,1838,Internal Improvements,9,749,1.0
1397,1838,Louisiana Purchase,4,749,1.0
1398,1838,Native Americans,36,749,5.0
1399,1838,Northwest Ordinance,1,749,0.0
1400,1838,Nullification,5,749,1.0
1401,1838,Press,52,749,7.000000000000001
1402,1838,Railroads,8,749,1.0
1403,1838,Recreation,44,749,6.0
1404,1838,Reform Movements,7,749,1.0
1405,1838,Religion,68,749,9.0
1406,1838,Science and Technology,41,749,5.0
1407,1838,Sectionalism,4,749,1.0
1408,1838,Slave Trade,2,749,0.0
1409,1838,Slavery and Enslaved Persons,23,749,3.0
1410,1838,Smithsonian Institution,17,749,2.0
1411,1838,"South, The",3,749,0.0
1412,1838,States Rights,1,749,0.0
1413,1838,Steam Power,18,749,2.0
1414,1838,Supreme Court,3,749,0.0
1415,1838,Temperance Movement,2,749,0.0
1416,1838,Territorial Expansion,7,749,1.0
1417,1838,Texas Annexation,26,749,3.0
1418,1838,Texas Revolution and Independence,3,749,0.0
1419,1838,Treaty of Ghent,1,749,0.0
1420,1838,US Constitution,6,749,1.0
1421,1838,Unitarianism,2,749,0.0
1422,1838,War of 1812,4,749,1.0
1423,1838,Whig Party,21,749,3.0
1424,1839,African Americans,4,296,1.0
1425,1839,American Revolution,2,296,1.0
1426,1839,Amistad,11,296,4.0
1427,1839,Anti-Masonic Party,1,296,0.0
1428,1839,Anti-Slavery Movements,15,296,5.0
1429,1839,Anti-Slavery Petitions,20,296,7.000000000000001
1430,1839,Articles of Confederation,4,296,1.0
1431,1839,Bank of the United States,4,296,1.0
1432,1839,Chesapeake Affair,1,296,0.0
1433,1839,Colonization Movements,1,296,0.0
1434,1839,Democratic Party,8,296,3.0
1435,1839,Dueling,1,296,0.0
1436,1839,"Elections, Presidential 1836",1,296,0.0
1437,1839,"Elections, Presidential 1840",3,296,1.0
1438,1839,Emancipation,1,296,0.0
1439,1839,Family Finances (Adams Family),10,296,3.0
1440,1839,Foreign Relations,1,296,0.0
1441,1839,French Revolution,1,296,0.0
1442,1839,Fugitive Slave Laws,1,296,0.0
1443,1839,Gag Rule,3,296,1.0
1444,1839,Health and Illness,41,296,14.000000000000002
1445,1839,Internal Improvements,2,296,1.0
1446,1839,National Nominating Conventions,2,296,1.0
1447,1839,Native Americans,13,296,4.0
1448,1839,Nullification,3,296,1.0
1449,1839,Oregon Country,2,296,1.0
1450,1839,Press,1,296,0.0
1451,1839,Privateering,1,296,0.0
1452,1839,Recreation,20,296,7.000000000000001
1453,1839,Religion,40,296,14.000000000000002
1454,1839,Seminole Wars,1,296,0.0
1455,1839,Shays's Rebellion,1,296,0.0
1456,1839,Slave Trade,7,296,2.0
1457,1839,Slavery and Enslaved Persons,13,296,4.0
1458,1839,Smithsonian Institution,29,296,10.0
1459,1839,Steam Power,1,296,0.0
1460,1839,Temperance Movement,5,296,2.0
1461,1839,Treaty of Ghent,1,296,0.0
1462,1839,US Constitution,4,296,1.0
1463,1839,War of 1812,6,296,2.0
1464,1839,Whig Party,10,296,3.0
1465,1840,African Americans,6,386,2.0
1466,1840,American Revolution,2,386,1.0
1467,1840,Amistad,29,386,8.0
1468,1840,Anglo-American Definitive Peace Treaty,1,386,0.0
1469,1840,Anti-Slavery Movements,4,386,1.0
1470,1840,Anti-Slavery Petitions,20,386,5.0
1471,1840,Asylum Movement,1,386,0.0
1472,1840,Bank of the United States,6,386,2.0
1473,1840,Caucus System,1,386,0.0
1474,1840,Democratic Party,8,386,2.0
1475,1840,Dueling,2,386,1.0
1476,1840,"Elections, Presidential 1836",1,386,0.0
1477,1840,"Elections, Presidential 1840",22,386,6.0
1478,1840,Family Finances (Adams Family),6,386,2.0
1479,1840,Family Relations (Adams Family),1,386,0.0
1480,1840,Family Residences (Adams Family),1,386,0.0
1481,1840,Federalist Party,3,386,1.0
1482,1840,French Revolution,2,386,1.0
1483,1840,Gag Rule,11,386,3.0
1484,1840,Hartford Convention,2,386,1.0
1485,1840,Health and Illness,20,386,5.0
1486,1840,Internal Improvements,9,386,2.0
1487,1840,Loyalists,5,386,1.0
1488,1840,National Nominating Conventions,7,386,2.0
1489,1840,Native Americans,21,386,5.0
1490,1840,Nullification,1,386,0.0
1491,1840,Recreation,17,386,4.0
1492,1840,Religion,51,386,13.0
1493,1840,Seminole Wars,15,386,4.0
1494,1840,Slave Trade,10,386,3.0
1495,1840,Slavery and Enslaved Persons,14,386,4.0
1496,1840,Smithsonian Institution,24,386,6.0
1497,1840,Spoils System,1,386,0.0
1498,1840,States Rights,2,386,1.0
1499,1840,Steam Power,2,386,1.0
1500,1840,Supreme Court,5,386,1.0
1501,1840,Temperance Movement,1,386,0.0
1502,1840,Transcendentalism,7,386,2.0
1503,1840,"Travel and Touring, International",20,386,5.0
1504,1840,War of 1812,3,386,1.0
1505,1840,Whig Party,22,386,6.0
1506,1841,African Americans,12,383,3.0
1507,1841,American Revolution,1,383,0.0
1508,1841,Amistad,63,383,16.0
1509,1841,Anglo-American Definitive Peace Treaty,1,383,0.0
1510,1841,Anti-Masonic Party,2,383,1.0
1511,1841,Anti-Slavery Movements,1,383,0.0
1512,1841,Anti-Slavery Petitions,13,383,3.0
1513,1841,Bank of the United States,4,383,1.0
1514,1841,Colonization Movements,3,383,1.0
1515,1841,Democratic Party,1,383,0.0
1516,1841,Dueling,2,383,1.0
1517,1841,"Elections, Presidential 1840",3,383,1.0
1518,1841,Family Finances (Adams Family),6,383,2.0
1519,1841,Federalist Party,1,383,0.0
1520,1841,French Revolution,1,383,0.0
1521,1841,Fugitive Slave Laws,1,383,0.0
1522,1841,Gag Rule,5,383,1.0
1523,1841,Hartford Convention,1,383,0.0
1524,1841,Health and Illness,32,383,8.0
1525,1841,Internal Improvements,1,383,0.0
1526,1841,Jay Treaty,1,383,0.0
1527,1841,Native Americans,12,383,3.0
1528,1841,Nullification,1,383,0.0
1529,1841,Privateering,1,383,0.0
1530,1841,Recreation,17,383,4.0
1531,1841,Reform Movements,1,383,0.0
1532,1841,Religion,58,383,15.0
1533,1841,Sectionalism,1,383,0.0
1534,1841,Seminole Wars,5,383,1.0
1535,1841,Slave Trade,26,383,7.000000000000001
1536,1841,Slavery and Enslaved Persons,21,383,5.0
1537,1841,Smithsonian Institution,15,383,4.0
1538,1841,Spoils System,7,383,2.0
1539,1841,States Rights,4,383,1.0
1540,1841,Supreme Court,36,383,9.0
1541,1841,Telegraph,2,383,1.0
1542,1841,Temperance Movement,1,383,0.0
1543,1841,Texas Annexation,4,383,1.0
1544,1841,US Constitution,4,383,1.0
1545,1841,War of 1812,1,383,0.0
1546,1841,Whig Party,11,383,3.0
1547,1842,African Americans,12,304,4.0
1548,1842,American Revolution,1,304,0.0
1549,1842,Amistad,5,304,2.0
1550,1842,Anglo-American Definitive Peace Treaty,1,304,0.0
1551,1842,Anti-Slavery Petitions,13,304,4.0
1552,1842,Bank of the United States,2,304,1.0
1553,1842,Colonization Movements,4,304,1.0
1554,1842,Democratic Party,6,304,2.0
1555,1842,Dueling,2,304,1.0
1556,1842,Family Finances (Adams Family),12,304,4.0
1557,1842,Family Residences (Adams Family),1,304,0.0
1558,1842,Fugitive Slave Laws,1,304,0.0
1559,1842,Gag Rule,13,304,4.0
1560,1842,Health and Illness,18,304,6.0
1561,1842,Impressment,1,304,0.0
1562,1842,Internal Improvements,2,304,1.0
1563,1842,Native Americans,10,304,3.0
1564,1842,Oregon Country,2,304,1.0
1565,1842,Recreation,19,304,6.0
1566,1842,Religion,56,304,18.0
1567,1842,Sectionalism,6,304,2.0
1568,1842,Seminole Wars,3,304,1.0
1569,1842,Slave Trade,12,304,4.0
1570,1842,Slavery and Enslaved Persons,17,304,6.0
1571,1842,Smithsonian Institution,23,304,8.0
1572,1842,States Rights,1,304,0.0
1573,1842,Supreme Court,3,304,1.0
1574,1842,Temperance Movement,9,304,3.0
1575,1842,Territorial Expansion,1,304,0.0
1576,1842,Texas Annexation,4,304,1.0
1577,1842,Treaty of Ghent,1,304,0.0
1578,1842,US Constitution,4,304,1.0
1579,1842,War of 1812,1,304,0.0
1580,1842,Webster-Ashburton Treaty,6,304,2.0
1581,1842,Whig Party,32,304,11.0
1582,1843,African Americans,28,692,4.0
1583,1843,American Revolution,10,692,1.0
1584,1843,Amistad,2,692,0.0
1585,1843,Anti-Slavery Movements,12,692,2.0
1586,1843,Anti-Slavery Petitions,7,692,1.0
1587,1843,Canals,5,692,1.0
1588,1843,Colonization Movements,2,692,0.0
1589,1843,Democratic Party,7,692,1.0
1590,1843,Diplomacy,10,692,1.0
1591,1843,Dueling,2,692,0.0
1592,1843,"Elections, Presidential 1844",7,692,1.0
1593,1843,Emancipation,2,692,0.0
1594,1843,Embargo,1,692,0.0
1595,1843,Family Finances (Adams Family),22,692,3.0
1596,1843,Family Relations (Adams Family),16,692,2.0
1597,1843,Foreign Relations,42,692,6.0
1598,1843,Fugitive Slave Laws,1,692,0.0
1599,1843,Gag Rule,13,692,2.0
1600,1843,Health and Illness,89,692,13.0
1601,1843,Indian Removal,1,692,0.0
1602,1843,Internal Improvements,1,692,0.0
1603,1843,Mexican War of Independence,1,692,0.0
1604,1843,Napoleonic Wars,1,692,0.0
1605,1843,National Nominating Conventions,1,692,0.0
1606,1843,Native Americans,25,692,4.0
1607,1843,Northwest Ordinance,1,692,0.0
1608,1843,Oregon Country,10,692,1.0
1609,1843,Press,62,692,9.0
1610,1843,Railroads,19,692,3.0
1611,1843,Recreation,36,692,5.0
1612,1843,Religion,69,692,10.0
1613,1843,Science and Technology,9,692,1.0
1614,1843,Slave Trade,13,692,2.0
1615,1843,Slavery and Enslaved Persons,30,692,4.0
1616,1843,Smithsonian Institution,6,692,1.0
1617,1843,States Rights,1,692,0.0
1618,1843,Steam Power,16,692,2.0
1619,1843,Supreme Court,1,692,0.0
1620,1843,Temperance Movement,10,692,1.0
1621,1843,Territorial Expansion,1,692,0.0
1622,1843,Texas Annexation,15,692,2.0
1623,1843,Texas Revolution and Independence,1,692,0.0
1624,1843,"Travel and Touring, International",12,692,2.0
1625,1843,Treaty of Ghent,1,692,0.0
1626,1843,US Constitution,7,692,1.0
1627,1843,Unitarianism,5,692,1.0
1628,1843,War of 1812,11,692,2.0
1629,1843,Webster-Ashburton Treaty,24,692,3.0
1630,1843,Whig Party,24,692,3.0
1631,1844,Adams-Onis Treaty,5,773,1.0
1632,1844,African Americans,17,773,2.0
1633,1844,American Revolution,10,773,1.0
1634,1844,Amistad,7,773,1.0
1635,1844,Anti-Slavery Movements,9,773,1.0
1636,1844,Anti-Slavery Petitions,5,773,1.0
1637,1844,Boylston Professor of Rhetoric and Oratory,1,773,0.0
1638,1844,Canals,1,773,0.0
1639,1844,Church of Jesus Christ of Latter-day Saints,4,773,1.0
1640,1844,Colonization Movements,2,773,0.0
1641,1844,Corrupt Bargain,2,773,0.0
1642,1844,Courtship and Marriage of JQA and LCA,1,773,0.0
1643,1844,Democratic Party,21,773,3.0
1644,1844,Diplomacy,10,773,1.0
1645,1844,Dueling,6,773,1.0
1646,1844,"Elections, Presidential 1844",30,773,4.0
1647,1844,Family Finances (Adams Family),47,773,6.0
1648,1844,Family Relations (Adams Family),19,773,2.0
1649,1844,Family Residences (Adams Family),5,773,1.0
1650,1844,Florida Annexation,9,773,1.0
1651,1844,Foreign Relations,21,773,3.0
1652,1844,Fugitive Slave Laws,3,773,0.0
1653,1844,Gag Rule,26,773,3.0
1654,1844,Health and Illness,59,773,8.0
1655,1844,Internal Improvements,9,773,1.0
1656,1844,Louisiana Purchase,4,773,1.0
1657,1844,Native Americans,9,773,1.0
1658,1844,Northwest Ordinance,1,773,0.0
1659,1844,Oregon Country,18,773,2.0
1660,1844,Pinckney's Treaty,1,773,0.0
1661,1844,Press,72,773,9.0
1662,1844,Railroads,15,773,2.0
1663,1844,Recreation,40,773,5.0
1664,1844,Reform Movements,1,773,0.0
1665,1844,Religion,61,773,8.0
1666,1844,Science and Technology,5,773,1.0
1667,1844,Seminole Wars,1,773,0.0
1668,1844,Slavery and Enslaved Persons,21,773,3.0
1669,1844,Smithsonian Institution,17,773,2.0
1670,1844,Steam Power,10,773,1.0
1671,1844,Supreme Court,6,773,1.0
1672,1844,Temperance Movement,3,773,0.0
1673,1844,Territorial Expansion,1,773,0.0
1674,1844,Texas Annexation,65,773,8.0
1675,1844,US Constitution,3,773,0.0
1676,1844,Unitarianism,1,773,0.0
1677,1844,Utopian Communities,6,773,1.0
1678,1844,War of 1812,4,773,1.0
1679,1844,Webster-Ashburton Treaty,6,773,1.0
1680,1844,Whig Party,73,773,9.0
1681,1845,Adams-Onis Treaty,1,586,0.0
1682,1845,African Americans,5,586,1.0
1683,1845,American Revolution,11,586,2.0
1684,1845,Amistad,8,586,1.0
1685,1845,Anglo-American Definitive Peace Treaty,2,586,0.0
1686,1845,Anti-Slavery Movements,3,586,1.0
1687,1845,Anti-Slavery Petitions,2,586,0.0
1688,1845,Boylston Professor of Rhetoric and Oratory,2,586,0.0
1689,1845,Canals,2,586,0.0
1690,1845,Colonization Movements,1,586,0.0
1691,1845,Courtship and Marriage of JQA and LCA,2,586,0.0
1692,1845,Democratic Party,9,586,2.0
1693,1845,Diplomacy,12,586,2.0
1694,1845,Dueling,6,586,1.0
1695,1845,"Elections, Presidential 1820",1,586,0.0
1696,1845,"Elections, Presidential 1824",1,586,0.0
1697,1845,"Elections, Presidential 1844",1,586,0.0
1698,1845,Family Finances (Adams Family),21,586,4.0
1699,1845,Family Relations (Adams Family),7,586,1.0
1700,1845,Family Residences (Adams Family),6,586,1.0
1701,1845,Federalist Party,2,586,0.0
1702,1845,Foreign Relations,12,586,2.0
1703,1845,Gag Rule,7,586,1.0
1704,1845,Hartford Convention,1,586,0.0
1705,1845,Health and Illness,94,586,16.0
1706,1845,Internal Improvements,7,586,1.0
1707,1845,Jay Treaty,1,586,0.0
1708,1845,Louisiana Purchase,2,586,0.0
1709,1845,Native Americans,9,586,2.0
1710,1845,Oregon Country,20,586,3.0
1711,1845,Press,29,586,5.0
1712,1845,Railroads,18,586,3.0
1713,1845,Recreation,45,586,8.0
1714,1845,Reform Movements,1,586,0.0
1715,1845,Religion,58,586,10.0
1716,1845,Science and Technology,13,586,2.0
1717,1845,Seminole Wars,1,586,0.0
1718,1845,Slave Trade,12,586,2.0
1719,1845,Slavery and Enslaved Persons,32,586,5.0
1720,1845,Smithsonian Institution,13,586,2.0
1721,1845,Steam Power,15,586,3.0
1722,1845,Supreme Court,3,586,1.0
1723,1845,Temperance Movement,5,586,1.0
1724,1845,Territorial Expansion,5,586,1.0
1725,1845,Texas Annexation,44,586,8.0
1726,1845,Treaty of Ghent,2,586,0.0
1727,1845,US Constitution,3,586,1.0
1728,1845,Unitarianism,10,586,2.0
1729,1845,War of 1812,3,586,1.0
1730,1845,Webster-Ashburton Treaty,4,586,1.0
1731,1845,Whig Party,12,586,2.0
1732,1846,Adams-Onis Treaty,2,364,1.0
1733,1846,African Americans,3,364,1.0
1734,1846,American Party,2,364,1.0
1735,1846,American Revolution,6,364,2.0
1736,1846,Anti-Slavery Movements,3,364,1.0
1737,1846,Anti-Slavery Petitions,1,364,0.0
1738,1846,Democratic Party,7,364,2.0
1739,1846,Dueling,1,364,0.0
1740,1846,"Elections, Presidential 1844",1,364,0.0
1741,1846,Family Finances (Adams Family),7,364,2.0
1742,1846,French Revolution,1,364,0.0
1743,1846,Hartford Convention,1,364,0.0
1744,1846,Health and Illness,23,364,6.0
1745,1846,Internal Improvements,14,364,4.0
1746,1846,Louisiana Purchase,2,364,1.0
1747,1846,Mexican War,38,364,10.0
1748,1846,Native Americans,20,364,5.0
1749,1846,Oregon Country,55,364,15.0
1750,1846,Railroads,1,364,0.0
1751,1846,Recreation,14,364,4.0
1752,1846,Reform Movements,1,364,0.0
1753,1846,Religion,84,364,23.0
1754,1846,Seminole Wars,1,364,0.0
1755,1846,Slave Trade,4,364,1.0
1756,1846,Slavery and Enslaved Persons,7,364,2.0
1757,1846,Smithsonian Institution,17,364,5.0
1758,1846,Spoils System,1,364,0.0
1759,1846,Supreme Court,1,364,0.0
1760,1846,Temperance Movement,3,364,1.0
1761,1846,Territorial Expansion,1,364,0.0
1762,1846,Texas Annexation,9,364,2.0
1763,1846,Transcendentalism,1,364,0.0
1764,1846,Treaty of Ghent,2,364,1.0
1765,1846,US Constitution,3,364,1.0
1766,1846,War of 1812,4,364,1.0
1767,1846,Webster-Ashburton Treaty,5,364,1.0
1768,1846,Whig Party,16,364,4.0
1769,1846,Wilmot Proviso,2,364,1.0
1770,1847,African Americans,3,282,1.0
1771,1847,American Revolution,5,282,2.0
1772,1847,Amistad,1,282,0.0
1773,1847,Anti-Slavery Petitions,1,282,0.0
1774,1847,Diplomacy,1,282,0.0
1775,1847,"Elections, Presidential 1848",2,282,1.0
1776,1847,Emancipation,1,282,0.0
1777,1847,Family Finances (Adams Family),29,282,10.0
1778,1847,Family Relations (Adams Family),3,282,1.0
1779,1847,Family Residences (Adams Family),8,282,3.0
1780,1847,Health and Illness,38,282,13.0
1781,1847,Internal Improvements,1,282,0.0
1782,1847,Mexican War,8,282,3.0
1783,1847,Native Americans,1,282,0.0
1784,1847,Press,6,282,2.0
1785,1847,Railroads,14,282,5.0
1786,1847,Recreation,82,282,28.999999999999996
1787,1847,Religion,32,282,11.0
1788,1847,Science and Technology,7,282,2.0
1789,1847,Slavery and Enslaved Persons,5,282,2.0
1790,1847,Smithsonian Institution,4,282,1.0
1791,1847,Steam Power,7,282,2.0
1792,1847,Temperance Movement,1,282,0.0
1793,1847,Unitarianism,10,282,4.0
1794,1847,War of 1812,1,282,0.0
1795,1847,Webster-Ashburton Treaty,2,282,1.0
1796,1847,Whig Party,9,282,3.0
1797,1848,Mexican War,1,2,50.0
1798,1848,Religion,1,2,50.0
