Role,Name,Start,End
 • Society • ,Dueling,1786-01-02,1786-12-31
 • Society • ,Dueling,1796-01-02,1796-12-31
 • Society • ,Dueling,1804-01-02,1806-12-31
 • Society • ,Dueling,1808-01-02,1809-12-31
 • Society • ,Dueling,1811-01-02,1816-12-31
 • Society • ,Dueling,1818-01-02,1825-12-31
 • Society • ,Dueling,1827-01-02,1831-12-31
 • Society • ,Dueling,1835-01-02,1846-12-31
 • Society • ,Society,1786-01-02,1786-12-31
Dueling,Dueling,1786-01-02,1786-12-31
Dueling,Dueling,1796-01-02,1796-12-31
Dueling,Dueling,1804-01-02,1806-12-31
Dueling,Dueling,1808-01-02,1809-12-31
Dueling,Dueling,1811-01-02,1816-12-31
Dueling,Dueling,1818-01-02,1825-12-31
Dueling,Dueling,1827-01-02,1831-12-31
Dueling,Dueling,1835-01-02,1846-12-31
 • Society • ,Society,1796-01-02,1796-12-31
 • Society • ,Society,1804-01-02,1806-12-31
 • Society • ,Society,1808-01-02,1809-12-31
 • Society • ,Society,1811-01-02,1816-12-31
 • Society • ,Society,1818-01-02,1825-12-31
 • Society • ,Society,1827-01-02,1831-12-31
 • Society • ,Society,1835-01-02,1846-12-31
 • Family • ,Family Relations (Adams Family),1785-01-02,1787-12-31
 • Family • ,Family Relations (Adams Family),1801-01-02,1801-12-31
 • Family • ,Family Relations (Adams Family),1803-01-02,1803-12-31
 • Family • ,Family Relations (Adams Family),1805-01-02,1805-12-31
 • Family • ,Family Relations (Adams Family),1807-01-02,1807-12-31
 • Family • ,Family Relations (Adams Family),1813-01-02,1813-12-31
 • Family • ,Family Relations (Adams Family),1817-01-02,1821-12-31
 • Family • ,Family Relations (Adams Family),1823-01-02,1823-12-31
 • Family • ,Family Relations (Adams Family),1826-01-02,1836-12-31
 • Family • ,Family Relations (Adams Family),1838-01-02,1838-12-31
 • Family • ,Family Relations (Adams Family),1840-01-02,1840-12-31
 • Family • ,Family Relations (Adams Family),1843-01-02,1845-12-31
 • Family • ,Family Relations (Adams Family),1847-01-02,1847-12-31
 • Family • ,Family Residences (Adams Family),1785-01-02,1785-12-31
 • Family • ,Family Residences (Adams Family),1797-01-02,1798-12-31
 • Family • ,Family Residences (Adams Family),1800-01-02,1803-12-31
 • Family • ,Family Residences (Adams Family),1805-01-02,1812-12-31
 • Family • ,Family Residences (Adams Family),1815-01-02,1821-12-31
 • Family • ,Family Residences (Adams Family),1823-01-02,1827-12-31
 • Family • ,Family Residences (Adams Family),1829-01-02,1838-12-31
 • Family • ,Family Residences (Adams Family),1840-01-02,1840-12-31
 • Family • ,Family Residences (Adams Family),1842-01-02,1842-12-31
 • Family • ,Family Residences (Adams Family),1844-01-02,1845-12-31
 • Family • ,Family Residences (Adams Family),1847-01-02,1847-12-31
 • Family • ,Family,1785-01-02,1787-12-31
Family Relations (Adams Family),Family Relations (Adams Family),1785-01-02,1787-12-31
Family Relations (Adams Family),Family Relations (Adams Family),1801-01-02,1801-12-31
Family Relations (Adams Family),Family Relations (Adams Family),1803-01-02,1803-12-31
Family Relations (Adams Family),Family Relations (Adams Family),1805-01-02,1805-12-31
Family Relations (Adams Family),Family Relations (Adams Family),1807-01-02,1807-12-31
Family Relations (Adams Family),Family Relations (Adams Family),1813-01-02,1813-12-31
Family Relations (Adams Family),Family Relations (Adams Family),1817-01-02,1821-12-31
Family Relations (Adams Family),Family Relations (Adams Family),1823-01-02,1823-12-31
Family Relations (Adams Family),Family Relations (Adams Family),1826-01-02,1836-12-31
Family Relations (Adams Family),Family Relations (Adams Family),1838-01-02,1838-12-31
Family Relations (Adams Family),Family Relations (Adams Family),1840-01-02,1840-12-31
Family Relations (Adams Family),Family Relations (Adams Family),1843-01-02,1845-12-31
Family Relations (Adams Family),Family Relations (Adams Family),1847-01-02,1847-12-31
Family Residences (Adams Family),Family Residences (Adams Family),1785-01-02,1785-12-31
Family Residences (Adams Family),Family Residences (Adams Family),1797-01-02,1798-12-31
Family Residences (Adams Family),Family Residences (Adams Family),1800-01-02,1803-12-31
Family Residences (Adams Family),Family Residences (Adams Family),1805-01-02,1812-12-31
Family Residences (Adams Family),Family Residences (Adams Family),1815-01-02,1821-12-31
Family Residences (Adams Family),Family Residences (Adams Family),1823-01-02,1827-12-31
Family Residences (Adams Family),Family Residences (Adams Family),1829-01-02,1838-12-31
Family Residences (Adams Family),Family Residences (Adams Family),1840-01-02,1840-12-31
Family Residences (Adams Family),Family Residences (Adams Family),1842-01-02,1842-12-31
Family Residences (Adams Family),Family Residences (Adams Family),1844-01-02,1845-12-31
Family Residences (Adams Family),Family Residences (Adams Family),1847-01-02,1847-12-31
 • Family • ,Family,1797-01-02,1798-12-31
 • Family • ,Family,1800-01-02,1803-12-31
 • Family • ,Family,1805-01-02,1812-12-31
 • Family • ,Family,1813-01-02,1813-12-31
 • Family • ,Family,1815-01-02,1821-12-31
 • Family • ,Family,1823-01-02,1838-12-31
 • Family • ,Family,1840-01-02,1840-12-31
 • Family • ,Family,1842-01-02,1842-12-31
 • Family • ,Family,1843-01-02,1845-12-31
 • Family • ,Family,1847-01-02,1847-12-31
 • Health • ,Health and Illness,1779-01-02,1779-12-31
 • Health • ,Health and Illness,1782-01-02,1783-12-31
 • Health • ,Health and Illness,1785-01-02,1789-12-31
 • Health • ,Health and Illness,1791-01-02,1847-12-31
 • Health • ,Recreation,1779-01-02,1847-12-31
 • Health • ,Health,1779-01-02,1847-12-31
Health and Illness,Health and Illness,1779-01-02,1779-12-31
Health and Illness,Health and Illness,1782-01-02,1783-12-31
Health and Illness,Health and Illness,1785-01-02,1789-12-31
Health and Illness,Health and Illness,1791-01-02,1847-12-31
Recreation,Recreation,1779-01-02,1847-12-31
 • Government • ,Continental Congress,1785-01-02,1785-12-31
 • Government • ,Continental Congress,1831-01-02,1832-12-31
 • Government • ,Continental Congress,1838-01-02,1838-12-31
 • Government • ,US Constitution,1787-01-02,1788-12-31
 • Government • ,US Constitution,1803-01-02,1808-12-31
 • Government • ,US Constitution,1810-01-02,1811-12-31
 • Government • ,US Constitution,1813-01-02,1828-12-31
 • Government • ,US Constitution,1830-01-02,1839-12-31
 • Government • ,US Constitution,1841-01-02,1846-12-31
 • Government • ,Articles of Confederation,1805-01-02,1805-12-31
 • Government • ,Articles of Confederation,1831-01-02,1831-12-31
 • Government • ,Articles of Confederation,1836-01-02,1836-12-31
 • Government • ,Articles of Confederation,1839-01-02,1839-12-31
 • Government • ,Orders in Council,1808-01-02,1809-12-31
 • Government • ,Orders in Council,1811-01-02,1813-12-31
 • Government • ,Orders in Council,1815-01-02,1816-12-31
 • Government • ,States Rights,1818-01-02,1822-12-31
 • Government • ,States Rights,1824-01-02,1825-12-31
 • Government • ,States Rights,1827-01-02,1827-12-31
 • Government • ,States Rights,1829-01-02,1829-12-31
 • Government • ,States Rights,1835-01-02,1835-12-31
 • Government • ,States Rights,1838-01-02,1838-12-31
 • Government • ,States Rights,1840-01-02,1843-12-31
 • Government • ,Era of Good Feelings,1823-01-02,1824-12-31
 • Government • ,Era of Good Feelings,1831-01-02,1831-12-31
 • Government • ,Spoils System,1829-01-02,1833-12-31
 • Government • ,Spoils System,1840-01-02,1841-12-31
 • Government • ,Spoils System,1846-01-02,1846-12-31
 • Government • ,Government,1785-01-02,1785-12-31
Continental Congress,Continental Congress,1785-01-02,1785-12-31
Continental Congress,Continental Congress,1831-01-02,1832-12-31
Continental Congress,Continental Congress,1838-01-02,1838-12-31
US Constitution,US Constitution,1787-01-02,1788-12-31
US Constitution,US Constitution,1803-01-02,1808-12-31
US Constitution,US Constitution,1810-01-02,1811-12-31
US Constitution,US Constitution,1813-01-02,1828-12-31
US Constitution,US Constitution,1830-01-02,1839-12-31
US Constitution,US Constitution,1841-01-02,1846-12-31
Articles of Confederation,Articles of Confederation,1805-01-02,1805-12-31
Articles of Confederation,Articles of Confederation,1831-01-02,1831-12-31
Articles of Confederation,Articles of Confederation,1836-01-02,1836-12-31
Articles of Confederation,Articles of Confederation,1839-01-02,1839-12-31
Orders in Council,Orders in Council,1808-01-02,1809-12-31
Orders in Council,Orders in Council,1811-01-02,1813-12-31
Orders in Council,Orders in Council,1815-01-02,1816-12-31
States Rights,States Rights,1818-01-02,1822-12-31
States Rights,States Rights,1824-01-02,1825-12-31
States Rights,States Rights,1827-01-02,1827-12-31
States Rights,States Rights,1829-01-02,1829-12-31
States Rights,States Rights,1835-01-02,1835-12-31
States Rights,States Rights,1838-01-02,1838-12-31
States Rights,States Rights,1840-01-02,1843-12-31
Era of Good Feelings,Era of Good Feelings,1823-01-02,1824-12-31
Era of Good Feelings,Era of Good Feelings,1831-01-02,1831-12-31
Spoils System,Spoils System,1829-01-02,1833-12-31
Spoils System,Spoils System,1840-01-02,1841-12-31
Spoils System,Spoils System,1846-01-02,1846-12-31
 • Government • ,Government,1787-01-02,1788-12-31
 • Government • ,Government,1803-01-02,1809-12-31
 • Government • ,Government,1810-01-02,1828-12-31
 • Government • ,Government,1829-01-02,1839-12-31
 • Government • ,Government,1840-01-02,1846-12-31
 • Political Upheavals • ,Shays's Rebellion,1786-01-02,1788-12-31
 • Political Upheavals • ,Shays's Rebellion,1837-01-02,1837-12-31
 • Political Upheavals • ,Shays's Rebellion,1839-01-02,1839-12-31
 • Political Upheavals • ,Political Upheavals,1786-01-02,1788-12-31
Shays's Rebellion,Shays's Rebellion,1786-01-02,1788-12-31
Shays's Rebellion,Shays's Rebellion,1837-01-02,1837-12-31
Shays's Rebellion,Shays's Rebellion,1839-01-02,1839-12-31
 • Political Upheavals • ,Political Upheavals,1837-01-02,1837-12-31
 • Political Upheavals • ,Political Upheavals,1839-01-02,1839-12-31
 • Gender • ,Women's Rights,1795-01-02,1795-12-31
 • Gender • ,Women's Rights,1831-01-02,1831-12-31
 • Gender • ,Gender,1795-01-02,1795-12-31
Women's Rights,Women's Rights,1795-01-02,1795-12-31
Women's Rights,Women's Rights,1831-01-02,1831-12-31
 • Gender • ,Gender,1831-01-02,1831-12-31
 • Science and Technology • ,"Topic, Science and Technology",1783-01-02,1783-12-31
 • Science and Technology • ,"Topic, Science and Technology",1803-01-02,1803-12-31
 • Science and Technology • ,"Topic, Science and Technology",1817-01-02,1821-12-31
 • Science and Technology • ,"Topic, Science and Technology",1823-01-02,1823-12-31
 • Science and Technology • ,"Topic, Science and Technology",1825-01-02,1825-12-31
 • Science and Technology • ,"Topic, Science and Technology",1827-01-02,1828-12-31
 • Science and Technology • ,"Topic, Science and Technology",1830-01-02,1838-12-31
 • Science and Technology • ,"Topic, Science and Technology",1843-01-02,1845-12-31
 • Science and Technology • ,"Topic, Science and Technology",1847-01-02,1847-12-31
 • Science and Technology • ,Telegraph,1826-01-02,1826-12-31
 • Science and Technology • ,Telegraph,1841-01-02,1841-12-31
 • Science and Technology • ,Science and Technology,1783-01-02,1783-12-31
"Topic, Science and Technology","Topic, Science and Technology",1783-01-02,1783-12-31
"Topic, Science and Technology","Topic, Science and Technology",1803-01-02,1803-12-31
"Topic, Science and Technology","Topic, Science and Technology",1817-01-02,1821-12-31
"Topic, Science and Technology","Topic, Science and Technology",1823-01-02,1823-12-31
"Topic, Science and Technology","Topic, Science and Technology",1825-01-02,1825-12-31
"Topic, Science and Technology","Topic, Science and Technology",1827-01-02,1828-12-31
"Topic, Science and Technology","Topic, Science and Technology",1830-01-02,1838-12-31
"Topic, Science and Technology","Topic, Science and Technology",1843-01-02,1845-12-31
"Topic, Science and Technology","Topic, Science and Technology",1847-01-02,1847-12-31
Telegraph,Telegraph,1826-01-02,1826-12-31
Telegraph,Telegraph,1841-01-02,1841-12-31
 • Science and Technology • ,Science and Technology,1803-01-02,1803-12-31
 • Science and Technology • ,Science and Technology,1817-01-02,1821-12-31
 • Science and Technology • ,Science and Technology,1823-01-02,1823-12-31
 • Science and Technology • ,Science and Technology,1825-01-02,1825-12-31
 • Science and Technology • ,Science and Technology,1826-01-02,1826-12-31
 • Science and Technology • ,Science and Technology,1827-01-02,1828-12-31
 • Science and Technology • ,Science and Technology,1830-01-02,1838-12-31
 • Science and Technology • ,Science and Technology,1841-01-02,1841-12-31
 • Science and Technology • ,Science and Technology,1843-01-02,1845-12-31
 • Science and Technology • ,Science and Technology,1847-01-02,1847-12-31
 • Travel and Transportation • ,"Travel and Touring, International",1779-01-02,1785-12-31
 • Travel and Transportation • ,"Travel and Touring, International",1794-01-02,1794-12-31
 • Travel and Transportation • ,"Travel and Touring, International",1796-01-02,1801-12-31
 • Travel and Transportation • ,"Travel and Touring, International",1809-01-02,1809-12-31
 • Travel and Transportation • ,"Travel and Touring, International",1814-01-02,1815-12-31
 • Travel and Transportation • ,"Travel and Touring, International",1817-01-02,1817-12-31
 • Travel and Transportation • ,"Travel and Touring, International",1840-01-02,1840-12-31
 • Travel and Transportation • ,"Travel and Touring, International",1843-01-02,1843-12-31
 • Travel and Transportation • ,Canals,1812-01-02,1812-12-31
 • Travel and Transportation • ,Canals,1818-01-02,1820-12-31
 • Travel and Transportation • ,Canals,1824-01-02,1835-12-31
 • Travel and Transportation • ,Canals,1838-01-02,1838-12-31
 • Travel and Transportation • ,Canals,1843-01-02,1845-12-31
 • Travel and Transportation • ,Roads,1818-01-02,1821-12-31
 • Travel and Transportation • ,Roads,1824-01-02,1824-12-31
 • Travel and Transportation • ,Roads,1826-01-02,1826-12-31
 • Travel and Transportation • ,Roads,1830-01-02,1831-12-31
 • Travel and Transportation • ,Roads,1834-01-02,1834-12-31
 • Travel and Transportation • ,Roads,1836-01-02,1836-12-31
 • Travel and Transportation • ,Railroads,1826-01-02,1838-12-31
 • Travel and Transportation • ,Railroads,1843-01-02,1847-12-31
 • Travel and Transportation • ,Travel and Transportation,1779-01-02,1785-12-31
"Travel and Touring, International","Travel and Touring, International",1779-01-02,1785-12-31
"Travel and Touring, International","Travel and Touring, International",1794-01-02,1794-12-31
"Travel and Touring, International","Travel and Touring, International",1796-01-02,1801-12-31
"Travel and Touring, International","Travel and Touring, International",1809-01-02,1809-12-31
"Travel and Touring, International","Travel and Touring, International",1814-01-02,1815-12-31
"Travel and Touring, International","Travel and Touring, International",1817-01-02,1817-12-31
"Travel and Touring, International","Travel and Touring, International",1840-01-02,1840-12-31
"Travel and Touring, International","Travel and Touring, International",1843-01-02,1843-12-31
Canals,Canals,1812-01-02,1812-12-31
Canals,Canals,1818-01-02,1820-12-31
Canals,Canals,1824-01-02,1835-12-31
Canals,Canals,1838-01-02,1838-12-31
Canals,Canals,1843-01-02,1845-12-31
Roads,Roads,1818-01-02,1821-12-31
Roads,Roads,1824-01-02,1824-12-31
Roads,Roads,1826-01-02,1826-12-31
Roads,Roads,1830-01-02,1831-12-31
Roads,Roads,1834-01-02,1834-12-31
Roads,Roads,1836-01-02,1836-12-31
Railroads,Railroads,1826-01-02,1838-12-31
Railroads,Railroads,1843-01-02,1847-12-31
 • Travel and Transportation • ,Travel and Transportation,1794-01-02,1794-12-31
 • Travel and Transportation • ,Travel and Transportation,1796-01-02,1801-12-31
 • Travel and Transportation • ,Travel and Transportation,1809-01-02,1809-12-31
 • Travel and Transportation • ,Travel and Transportation,1812-01-02,1812-12-31
 • Travel and Transportation • ,Travel and Transportation,1814-01-02,1815-12-31
 • Travel and Transportation • ,Travel and Transportation,1817-01-02,1817-12-31
 • Travel and Transportation • ,Travel and Transportation,1818-01-02,1821-12-31
 • Travel and Transportation • ,Travel and Transportation,1824-01-02,1838-12-31
 • Travel and Transportation • ,Travel and Transportation,1840-01-02,1840-12-31
 • Travel and Transportation • ,Travel and Transportation,1843-01-02,1847-12-31
 • Slavery and Enslaved Persons • ,"Topic, Slavery and Enslaved Persons",1785-01-02,1785-12-31
 • Slavery and Enslaved Persons • ,"Topic, Slavery and Enslaved Persons",1795-01-02,1795-12-31
 • Slavery and Enslaved Persons • ,"Topic, Slavery and Enslaved Persons",1817-01-02,1828-12-31
 • Slavery and Enslaved Persons • ,"Topic, Slavery and Enslaved Persons",1830-01-02,1847-12-31
 • Slavery and Enslaved Persons • ,Pro-Slavery Movements,1820-01-02,1821-12-31
 • Slavery and Enslaved Persons • ,Texas Annexation,1820-01-02,1820-12-31
 • Slavery and Enslaved Persons • ,Texas Annexation,1838-01-02,1838-12-31
 • Slavery and Enslaved Persons • ,Texas Annexation,1841-01-02,1846-12-31
 • Slavery and Enslaved Persons • ,Wilmot Proviso,1846-01-02,1846-12-31
 • Slavery and Enslaved Persons • ,Slavery and Enslaved Persons,1785-01-02,1785-12-31
"Topic, Slavery and Enslaved Persons","Topic, Slavery and Enslaved Persons",1785-01-02,1785-12-31
"Topic, Slavery and Enslaved Persons","Topic, Slavery and Enslaved Persons",1795-01-02,1795-12-31
"Topic, Slavery and Enslaved Persons","Topic, Slavery and Enslaved Persons",1817-01-02,1828-12-31
"Topic, Slavery and Enslaved Persons","Topic, Slavery and Enslaved Persons",1830-01-02,1847-12-31
Pro-Slavery Movements,Pro-Slavery Movements,1820-01-02,1821-12-31
Texas Annexation,Texas Annexation,1820-01-02,1820-12-31
Texas Annexation,Texas Annexation,1838-01-02,1838-12-31
Texas Annexation,Texas Annexation,1841-01-02,1846-12-31
Wilmot Proviso,Wilmot Proviso,1846-01-02,1846-12-31
 • Slavery and Enslaved Persons • ,Slavery and Enslaved Persons,1795-01-02,1795-12-31
 • Slavery and Enslaved Persons • ,Slavery and Enslaved Persons,1817-01-02,1828-12-31
 • Slavery and Enslaved Persons • ,Slavery and Enslaved Persons,1830-01-02,1847-12-31
 • Economics • ,Privateering,1779-01-02,1779-12-31
 • Economics • ,Privateering,1810-01-02,1813-12-31
 • Economics • ,Privateering,1817-01-02,1825-12-31
 • Economics • ,Privateering,1827-01-02,1830-12-31
 • Economics • ,Privateering,1832-01-02,1832-12-31
 • Economics • ,Privateering,1839-01-02,1839-12-31
 • Economics • ,Privateering,1841-01-02,1841-12-31
 • Economics • ,Commerce,1783-01-02,1783-12-31
 • Economics • ,Commerce,1797-01-02,1798-12-31
 • Economics • ,Commerce,1809-01-02,1824-12-31
 • Economics • ,Commerce,1826-01-02,1828-12-31
 • Economics • ,Commerce,1831-01-02,1836-12-31
 • Economics • ,Commerce,1838-01-02,1838-12-31
 • Economics • ,Slave Trade,1789-01-02,1789-12-31
 • Economics • ,Slave Trade,1802-01-02,1802-12-31
 • Economics • ,Slave Trade,1804-01-02,1807-12-31
 • Economics • ,Slave Trade,1812-01-02,1812-12-31
 • Economics • ,Slave Trade,1814-01-02,1829-12-31
 • Economics • ,Slave Trade,1831-01-02,1832-12-31
 • Economics • ,Slave Trade,1835-01-02,1835-12-31
 • Economics • ,Slave Trade,1837-01-02,1843-12-31
 • Economics • ,Slave Trade,1845-01-02,1846-12-31
 • Economics • ,Bank of the United States,1791-01-02,1791-12-31
 • Economics • ,Bank of the United States,1802-01-02,1802-12-31
 • Economics • ,Bank of the United States,1809-01-02,1809-12-31
 • Economics • ,Bank of the United States,1813-01-02,1813-12-31
 • Economics • ,Bank of the United States,1816-01-02,1826-12-31
 • Economics • ,Bank of the United States,1829-01-02,1842-12-31
 • Economics • ,Industrialization,1797-01-02,1797-12-31
 • Economics • ,Industrialization,1810-01-02,1810-12-31
 • Economics • ,Industrialization,1819-01-02,1819-12-31
 • Economics • ,Industrialization,1821-01-02,1821-12-31
 • Economics • ,Industrialization,1824-01-02,1824-12-31
 • Economics • ,Industrialization,1826-01-02,1827-12-31
 • Economics • ,Family Finances (Adams Family),1801-01-02,1805-12-31
 • Economics • ,Family Finances (Adams Family),1807-01-02,1807-12-31
 • Economics • ,Family Finances (Adams Family),1809-01-02,1810-12-31
 • Economics • ,Family Finances (Adams Family),1812-01-02,1812-12-31
 • Economics • ,Family Finances (Adams Family),1816-01-02,1847-12-31
 • Economics • ,Internal Improvements,1805-01-02,1805-12-31
 • Economics • ,Internal Improvements,1807-01-02,1807-12-31
 • Economics • ,Internal Improvements,1818-01-02,1847-12-31
 • Economics • ,Continental System,1807-01-02,1807-12-31
 • Economics • ,Continental System,1810-01-02,1812-12-31
 • Economics • ,Continental System,1815-01-02,1815-12-31
 • Economics • ,Embargo,1807-01-02,1812-12-31
 • Economics • ,Embargo,1833-01-02,1833-12-31
 • Economics • ,Embargo,1843-01-02,1843-12-31
 • Economics • ,Blockades,1809-01-02,1810-12-31
 • Economics • ,Blockades,1813-01-02,1814-12-31
 • Economics • ,Blockades,1818-01-02,1818-12-31
 • Economics • ,Blockades,1822-01-02,1824-12-31
 • Economics • ,Blockades,1827-01-02,1828-12-31
 • Economics • ,Panic of 1819,1818-01-02,1821-12-31
 • Economics • ,Tariff of 1828,1830-01-02,1833-12-31
 • Economics • ,American System,1831-01-02,1831-12-31
 • Economics • ,American System,1833-01-02,1833-12-31
 • Economics • ,American System,1835-01-02,1835-12-31
 • Economics • ,Tariff of 1816,1831-01-02,1831-12-31
 • Economics • ,Panic of 1837,1837-01-02,1837-12-31
 • Economics • ,Economics,1779-01-02,1779-12-31
Privateering,Privateering,1779-01-02,1779-12-31
Privateering,Privateering,1810-01-02,1813-12-31
Privateering,Privateering,1817-01-02,1825-12-31
Privateering,Privateering,1827-01-02,1830-12-31
Privateering,Privateering,1832-01-02,1832-12-31
Privateering,Privateering,1839-01-02,1839-12-31
Privateering,Privateering,1841-01-02,1841-12-31
Commerce,Commerce,1783-01-02,1783-12-31
Commerce,Commerce,1797-01-02,1798-12-31
Commerce,Commerce,1809-01-02,1824-12-31
Commerce,Commerce,1826-01-02,1828-12-31
Commerce,Commerce,1831-01-02,1836-12-31
Commerce,Commerce,1838-01-02,1838-12-31
Slave Trade,Slave Trade,1789-01-02,1789-12-31
Slave Trade,Slave Trade,1802-01-02,1802-12-31
Slave Trade,Slave Trade,1804-01-02,1807-12-31
Slave Trade,Slave Trade,1812-01-02,1812-12-31
Slave Trade,Slave Trade,1814-01-02,1829-12-31
Slave Trade,Slave Trade,1831-01-02,1832-12-31
Slave Trade,Slave Trade,1835-01-02,1835-12-31
Slave Trade,Slave Trade,1837-01-02,1843-12-31
Slave Trade,Slave Trade,1845-01-02,1846-12-31
Bank of the United States,Bank of the United States,1791-01-02,1791-12-31
Bank of the United States,Bank of the United States,1802-01-02,1802-12-31
Bank of the United States,Bank of the United States,1809-01-02,1809-12-31
Bank of the United States,Bank of the United States,1813-01-02,1813-12-31
Bank of the United States,Bank of the United States,1816-01-02,1826-12-31
Bank of the United States,Bank of the United States,1829-01-02,1842-12-31
Industrialization,Industrialization,1797-01-02,1797-12-31
Industrialization,Industrialization,1810-01-02,1810-12-31
Industrialization,Industrialization,1819-01-02,1819-12-31
Industrialization,Industrialization,1821-01-02,1821-12-31
Industrialization,Industrialization,1824-01-02,1824-12-31
Industrialization,Industrialization,1826-01-02,1827-12-31
Family Finances (Adams Family),Family Finances (Adams Family),1801-01-02,1805-12-31
Family Finances (Adams Family),Family Finances (Adams Family),1807-01-02,1807-12-31
Family Finances (Adams Family),Family Finances (Adams Family),1809-01-02,1810-12-31
Family Finances (Adams Family),Family Finances (Adams Family),1812-01-02,1812-12-31
Family Finances (Adams Family),Family Finances (Adams Family),1816-01-02,1847-12-31
Internal Improvements,Internal Improvements,1805-01-02,1805-12-31
Internal Improvements,Internal Improvements,1807-01-02,1807-12-31
Internal Improvements,Internal Improvements,1818-01-02,1847-12-31
Continental System,Continental System,1807-01-02,1807-12-31
Continental System,Continental System,1810-01-02,1812-12-31
Continental System,Continental System,1815-01-02,1815-12-31
Embargo,Embargo,1807-01-02,1812-12-31
Embargo,Embargo,1833-01-02,1833-12-31
Embargo,Embargo,1843-01-02,1843-12-31
Blockades,Blockades,1809-01-02,1810-12-31
Blockades,Blockades,1813-01-02,1814-12-31
Blockades,Blockades,1818-01-02,1818-12-31
Blockades,Blockades,1822-01-02,1824-12-31
Blockades,Blockades,1827-01-02,1828-12-31
Panic of 1819,Panic of 1819,1818-01-02,1821-12-31
Tariff of 1828,Tariff of 1828,1830-01-02,1833-12-31
American System,American System,1831-01-02,1831-12-31
American System,American System,1833-01-02,1833-12-31
American System,American System,1835-01-02,1835-12-31
Tariff of 1816,Tariff of 1816,1831-01-02,1831-12-31
Panic of 1837,Panic of 1837,1837-01-02,1837-12-31
 • Economics • ,Economics,1783-01-02,1783-12-31
 • Economics • ,Economics,1789-01-02,1789-12-31
 • Economics • ,Economics,1791-01-02,1791-12-31
 • Economics • ,Economics,1797-01-02,1798-12-31
 • Economics • ,Economics,1801-01-02,1847-12-31
 • Industry • ,Steam Power,1797-01-02,1797-12-31
 • Industry • ,Steam Power,1812-01-02,1812-12-31
 • Industry • ,Steam Power,1814-01-02,1814-12-31
 • Industry • ,Steam Power,1817-01-02,1821-12-31
 • Industry • ,Steam Power,1823-01-02,1823-12-31
 • Industry • ,Steam Power,1826-01-02,1827-12-31
 • Industry • ,Steam Power,1829-01-02,1840-12-31
 • Industry • ,Steam Power,1843-01-02,1845-12-31
 • Industry • ,Steam Power,1847-01-02,1847-12-31
 • Industry • ,Textile Industry,1800-01-02,1800-12-31
 • Industry • ,Textile Industry,1810-01-02,1810-12-31
 • Industry • ,Textile Industry,1818-01-02,1818-12-31
 • Industry • ,Textile Industry,1824-01-02,1824-12-31
 • Industry • ,Textile Industry,1827-01-02,1827-12-31
 • Industry • ,Industry,1797-01-02,1797-12-31
Steam Power,Steam Power,1797-01-02,1797-12-31
Steam Power,Steam Power,1812-01-02,1812-12-31
Steam Power,Steam Power,1814-01-02,1814-12-31
Steam Power,Steam Power,1817-01-02,1821-12-31
Steam Power,Steam Power,1823-01-02,1823-12-31
Steam Power,Steam Power,1826-01-02,1827-12-31
Steam Power,Steam Power,1829-01-02,1840-12-31
Steam Power,Steam Power,1843-01-02,1845-12-31
Steam Power,Steam Power,1847-01-02,1847-12-31
Textile Industry,Textile Industry,1800-01-02,1800-12-31
Textile Industry,Textile Industry,1810-01-02,1810-12-31
Textile Industry,Textile Industry,1818-01-02,1818-12-31
Textile Industry,Textile Industry,1824-01-02,1824-12-31
Textile Industry,Textile Industry,1827-01-02,1827-12-31
 • Industry • ,Industry,1800-01-02,1800-12-31
 • Industry • ,Industry,1810-01-02,1810-12-31
 • Industry • ,Industry,1812-01-02,1812-12-31
 • Industry • ,Industry,1814-01-02,1814-12-31
 • Industry • ,Industry,1817-01-02,1821-12-31
 • Industry • ,Industry,1823-01-02,1823-12-31
 • Industry • ,Industry,1824-01-02,1824-12-31
 • Industry • ,Industry,1826-01-02,1827-12-31
 • Industry • ,Industry,1829-01-02,1840-12-31
 • Industry • ,Industry,1843-01-02,1845-12-31
 • Industry • ,Industry,1847-01-02,1847-12-31
 • Politics • ,Caucus System,1808-01-02,1808-12-31
 • Politics • ,Caucus System,1820-01-02,1824-12-31
 • Politics • ,Caucus System,1840-01-02,1840-12-31
 • Politics • ,Missouri Compromise,1819-01-02,1822-12-31
 • Politics • ,Missouri Compromise,1824-01-02,1824-12-31
 • Politics • ,Missouri Compromise,1827-01-02,1827-12-31
 • Politics • ,Missouri Compromise,1831-01-02,1832-12-31
 • Politics • ,Missouri Compromise,1835-01-02,1835-12-31
 • Politics • ,Missouri Compromise,1837-01-02,1837-12-31
 • Politics • ,Corrupt Bargain,1824-01-02,1825-12-31
 • Politics • ,Corrupt Bargain,1827-01-02,1828-12-31
 • Politics • ,Corrupt Bargain,1830-01-02,1830-12-31
 • Politics • ,Corrupt Bargain,1844-01-02,1844-12-31
 • Politics • ,National Nominating Conventions,1831-01-02,1832-12-31
 • Politics • ,National Nominating Conventions,1839-01-02,1840-12-31
 • Politics • ,National Nominating Conventions,1843-01-02,1843-12-31
 • Politics • ,Federalist Papers,1836-01-02,1837-12-31
 • Politics • ,Gag Rule,1836-01-02,1845-12-31
 • Politics • ,Politics,1808-01-02,1808-12-31
Caucus System,Caucus System,1808-01-02,1808-12-31
Caucus System,Caucus System,1820-01-02,1824-12-31
Caucus System,Caucus System,1840-01-02,1840-12-31
Missouri Compromise,Missouri Compromise,1819-01-02,1822-12-31
Missouri Compromise,Missouri Compromise,1824-01-02,1824-12-31
Missouri Compromise,Missouri Compromise,1827-01-02,1827-12-31
Missouri Compromise,Missouri Compromise,1831-01-02,1832-12-31
Missouri Compromise,Missouri Compromise,1835-01-02,1835-12-31
Missouri Compromise,Missouri Compromise,1837-01-02,1837-12-31
Corrupt Bargain,Corrupt Bargain,1824-01-02,1825-12-31
Corrupt Bargain,Corrupt Bargain,1827-01-02,1828-12-31
Corrupt Bargain,Corrupt Bargain,1830-01-02,1830-12-31
Corrupt Bargain,Corrupt Bargain,1844-01-02,1844-12-31
National Nominating Conventions,National Nominating Conventions,1831-01-02,1832-12-31
National Nominating Conventions,National Nominating Conventions,1839-01-02,1840-12-31
National Nominating Conventions,National Nominating Conventions,1843-01-02,1843-12-31
Federalist Papers,Federalist Papers,1836-01-02,1837-12-31
Gag Rule,Gag Rule,1836-01-02,1845-12-31
 • Politics • ,Politics,1819-01-02,1825-12-31
 • Politics • ,Politics,1827-01-02,1828-12-31
 • Politics • ,Politics,1830-01-02,1830-12-31
 • Politics • ,Politics,1831-01-02,1832-12-31
 • Politics • ,Politics,1835-01-02,1835-12-31
 • Politics • ,Politics,1836-01-02,1845-12-31
 • Reform • ,Reform Movements,1806-01-02,1806-12-31
 • Reform • ,Reform Movements,1813-01-02,1813-12-31
 • Reform • ,Reform Movements,1824-01-02,1824-12-31
 • Reform • ,Reform Movements,1835-01-02,1835-12-31
 • Reform • ,Reform Movements,1837-01-02,1838-12-31
 • Reform • ,Reform Movements,1841-01-02,1841-12-31
 • Reform • ,Reform Movements,1844-01-02,1846-12-31
 • Reform • ,Asylum Movement,1818-01-02,1818-12-31
 • Reform • ,Asylum Movement,1832-01-02,1833-12-31
 • Reform • ,Asylum Movement,1840-01-02,1840-12-31
 • Reform • ,Anti-Slavery Movements,1819-01-02,1823-12-31
 • Reform • ,Anti-Slavery Movements,1831-01-02,1833-12-31
 • Reform • ,Anti-Slavery Movements,1835-01-02,1841-12-31
 • Reform • ,Anti-Slavery Movements,1843-01-02,1846-12-31
 • Reform • ,Suffrage,1819-01-02,1819-12-31
 • Reform • ,Suffrage,1827-01-02,1827-12-31
 • Reform • ,Temperance Movement,1827-01-02,1827-12-31
 • Reform • ,Temperance Movement,1831-01-02,1847-12-31
 • Reform • ,Anti-Slavery Petitions,1831-01-02,1847-12-31
 • Reform • ,Reform,1806-01-02,1806-12-31
Reform Movements,Reform Movements,1806-01-02,1806-12-31
Reform Movements,Reform Movements,1813-01-02,1813-12-31
Reform Movements,Reform Movements,1824-01-02,1824-12-31
Reform Movements,Reform Movements,1835-01-02,1835-12-31
Reform Movements,Reform Movements,1837-01-02,1838-12-31
Reform Movements,Reform Movements,1841-01-02,1841-12-31
Reform Movements,Reform Movements,1844-01-02,1846-12-31
Asylum Movement,Asylum Movement,1818-01-02,1818-12-31
Asylum Movement,Asylum Movement,1832-01-02,1833-12-31
Asylum Movement,Asylum Movement,1840-01-02,1840-12-31
Anti-Slavery Movements,Anti-Slavery Movements,1819-01-02,1823-12-31
Anti-Slavery Movements,Anti-Slavery Movements,1831-01-02,1833-12-31
Anti-Slavery Movements,Anti-Slavery Movements,1835-01-02,1841-12-31
Anti-Slavery Movements,Anti-Slavery Movements,1843-01-02,1846-12-31
Suffrage,Suffrage,1819-01-02,1819-12-31
Suffrage,Suffrage,1827-01-02,1827-12-31
Temperance Movement,Temperance Movement,1827-01-02,1827-12-31
Temperance Movement,Temperance Movement,1831-01-02,1847-12-31
Anti-Slavery Petitions,Anti-Slavery Petitions,1831-01-02,1847-12-31
 • Reform • ,Reform,1813-01-02,1813-12-31
 • Reform • ,Reform,1818-01-02,1818-12-31
 • Reform • ,Reform,1819-01-02,1823-12-31
 • Reform • ,Reform,1824-01-02,1824-12-31
 • Reform • ,Reform,1827-01-02,1827-12-31
 • Reform • ,Reform,1831-01-02,1847-12-31
 • Elections • ,"Elections, Presidential 1796",1797-01-02,1797-12-31
 • Elections • ,"Elections, Presidential 1800",1801-01-02,1801-12-31
 • Elections • ,"Elections, Presidential 1808",1807-01-02,1809-12-31
 • Elections • ,"Elections, Presidential 1812",1812-01-02,1813-12-31
 • Elections • ,"Elections, Presidential 1812",1820-01-02,1820-12-31
 • Elections • ,"Elections, Presidential 1812",1828-01-02,1828-12-31
 • Elections • ,"Elections, Presidential 1816",1816-01-02,1816-12-31
 • Elections • ,"Elections, Presidential 1816",1822-01-02,1822-12-31
 • Elections • ,"Elections, Presidential 1816",1824-01-02,1824-12-31
 • Elections • ,"Elections, Presidential 1820",1818-01-02,1821-12-31
 • Elections • ,"Elections, Presidential 1820",1845-01-02,1845-12-31
 • Elections • ,"Elections, Presidential 1824",1819-01-02,1826-12-31
 • Elections • ,"Elections, Presidential 1824",1828-01-02,1828-12-31
 • Elections • ,"Elections, Presidential 1824",1831-01-02,1831-12-31
 • Elections • ,"Elections, Presidential 1824",1845-01-02,1845-12-31
 • Elections • ,"Elections, Presidential 1828",1827-01-02,1829-12-31
 • Elections • ,"Elections, Presidential 1828",1831-01-02,1831-12-31
 • Elections • ,"Elections, Presidential 1828",1835-01-02,1835-12-31
 • Elections • ,"Elections, Presidential 1832",1828-01-02,1834-12-31
 • Elections • ,"Elections, Presidential 1836",1833-01-02,1837-12-31
 • Elections • ,"Elections, Presidential 1836",1839-01-02,1840-12-31
 • Elections • ,"Elections, Presidential 1840",1837-01-02,1841-12-31
 • Elections • ,"Elections, Presidential 1844",1843-01-02,1846-12-31
 • Elections • ,"Elections, Presidential 1848",1847-01-02,1847-12-31
 • Elections • ,Elections,1797-01-02,1797-12-31
"Elections, Presidential 1796","Elections, Presidential 1796",1797-01-02,1797-12-31
"Elections, Presidential 1800","Elections, Presidential 1800",1801-01-02,1801-12-31
"Elections, Presidential 1808","Elections, Presidential 1808",1807-01-02,1809-12-31
"Elections, Presidential 1812","Elections, Presidential 1812",1812-01-02,1813-12-31
"Elections, Presidential 1812","Elections, Presidential 1812",1820-01-02,1820-12-31
"Elections, Presidential 1812","Elections, Presidential 1812",1828-01-02,1828-12-31
"Elections, Presidential 1816","Elections, Presidential 1816",1816-01-02,1816-12-31
"Elections, Presidential 1816","Elections, Presidential 1816",1822-01-02,1822-12-31
"Elections, Presidential 1816","Elections, Presidential 1816",1824-01-02,1824-12-31
"Elections, Presidential 1820","Elections, Presidential 1820",1818-01-02,1821-12-31
"Elections, Presidential 1820","Elections, Presidential 1820",1845-01-02,1845-12-31
"Elections, Presidential 1824","Elections, Presidential 1824",1819-01-02,1826-12-31
"Elections, Presidential 1824","Elections, Presidential 1824",1828-01-02,1828-12-31
"Elections, Presidential 1824","Elections, Presidential 1824",1831-01-02,1831-12-31
"Elections, Presidential 1824","Elections, Presidential 1824",1845-01-02,1845-12-31
"Elections, Presidential 1828","Elections, Presidential 1828",1827-01-02,1829-12-31
"Elections, Presidential 1828","Elections, Presidential 1828",1831-01-02,1831-12-31
"Elections, Presidential 1828","Elections, Presidential 1828",1835-01-02,1835-12-31
"Elections, Presidential 1832","Elections, Presidential 1832",1828-01-02,1834-12-31
"Elections, Presidential 1836","Elections, Presidential 1836",1833-01-02,1837-12-31
"Elections, Presidential 1836","Elections, Presidential 1836",1839-01-02,1840-12-31
"Elections, Presidential 1840","Elections, Presidential 1840",1837-01-02,1841-12-31
"Elections, Presidential 1844","Elections, Presidential 1844",1843-01-02,1846-12-31
"Elections, Presidential 1848","Elections, Presidential 1848",1847-01-02,1847-12-31
 • Elections • ,Elections,1801-01-02,1801-12-31
 • Elections • ,Elections,1807-01-02,1809-12-31
 • Elections • ,Elections,1812-01-02,1813-12-31
 • Elections • ,Elections,1816-01-02,1816-12-31
 • Elections • ,Elections,1818-01-02,1826-12-31
 • Elections • ,Elections,1827-01-02,1841-12-31
 • Elections • ,Elections,1843-01-02,1846-12-31
 • Elections • ,Elections,1847-01-02,1847-12-31
 • Political Groups • ,Loyalists,1785-01-02,1785-12-31
 • Political Groups • ,Loyalists,1787-01-02,1788-12-31
 • Political Groups • ,Loyalists,1840-01-02,1840-12-31
 • Political Groups • ,Anti-Federalists,1788-01-02,1788-12-31
 • Political Groups • ,Federalist Party,1795-01-02,1795-12-31
 • Political Groups • ,Federalist Party,1802-01-02,1809-12-31
 • Political Groups • ,Federalist Party,1811-01-02,1812-12-31
 • Political Groups • ,Federalist Party,1828-01-02,1831-12-31
 • Political Groups • ,Federalist Party,1833-01-02,1835-12-31
 • Political Groups • ,Federalist Party,1837-01-02,1838-12-31
 • Political Groups • ,Federalist Party,1840-01-02,1841-12-31
 • Political Groups • ,Federalist Party,1845-01-02,1845-12-31
 • Political Groups • ,Democratic-Republican Party,1803-01-02,1806-12-31
 • Political Groups • ,Democratic-Republican Party,1808-01-02,1808-12-31
 • Political Groups • ,Democratic-Republican Party,1818-01-02,1818-12-31
 • Political Groups • ,Democratic-Republican Party,1822-01-02,1824-12-31
 • Political Groups • ,Democratic-Republican Party,1830-01-02,1830-12-31
 • Political Groups • ,Democratic-Republican Party,1832-01-02,1833-12-31
 • Political Groups • ,Democratic-Republican Party,1835-01-02,1835-12-31
 • Political Groups • ,Essex Junto,1808-01-02,1808-12-31
 • Political Groups • ,Essex Junto,1830-01-02,1830-12-31
 • Political Groups • ,Essex Junto,1833-01-02,1833-12-31
 • Political Groups • ,Hartford Convention,1814-01-02,1815-12-31
 • Political Groups • ,Hartford Convention,1828-01-02,1830-12-31
 • Political Groups • ,Hartford Convention,1833-01-02,1836-12-31
 • Political Groups • ,Hartford Convention,1840-01-02,1841-12-31
 • Political Groups • ,Hartford Convention,1845-01-02,1846-12-31
 • Political Groups • ,Anti-Masonic Party,1827-01-02,1839-12-31
 • Political Groups • ,Anti-Masonic Party,1841-01-02,1841-12-31
 • Political Groups • ,Democratic Party,1830-01-02,1830-12-31
 • Political Groups • ,Democratic Party,1834-01-02,1846-12-31
 • Political Groups • ,National Republican Party,1830-01-02,1834-12-31
 • Political Groups • ,Whig Party,1834-01-02,1847-12-31
 • Political Groups • ,American Party,1846-01-02,1846-12-31
 • Political Groups • ,Political Groups,1785-01-02,1785-12-31
Loyalists,Loyalists,1785-01-02,1785-12-31
Loyalists,Loyalists,1787-01-02,1788-12-31
Loyalists,Loyalists,1840-01-02,1840-12-31
Anti-Federalists,Anti-Federalists,1788-01-02,1788-12-31
Federalist Party,Federalist Party,1795-01-02,1795-12-31
Federalist Party,Federalist Party,1802-01-02,1809-12-31
Federalist Party,Federalist Party,1811-01-02,1812-12-31
Federalist Party,Federalist Party,1828-01-02,1831-12-31
Federalist Party,Federalist Party,1833-01-02,1835-12-31
Federalist Party,Federalist Party,1837-01-02,1838-12-31
Federalist Party,Federalist Party,1840-01-02,1841-12-31
Federalist Party,Federalist Party,1845-01-02,1845-12-31
Democratic-Republican Party,Democratic-Republican Party,1803-01-02,1806-12-31
Democratic-Republican Party,Democratic-Republican Party,1808-01-02,1808-12-31
Democratic-Republican Party,Democratic-Republican Party,1818-01-02,1818-12-31
Democratic-Republican Party,Democratic-Republican Party,1822-01-02,1824-12-31
Democratic-Republican Party,Democratic-Republican Party,1830-01-02,1830-12-31
Democratic-Republican Party,Democratic-Republican Party,1832-01-02,1833-12-31
Democratic-Republican Party,Democratic-Republican Party,1835-01-02,1835-12-31
Essex Junto,Essex Junto,1808-01-02,1808-12-31
Essex Junto,Essex Junto,1830-01-02,1830-12-31
Essex Junto,Essex Junto,1833-01-02,1833-12-31
Hartford Convention,Hartford Convention,1814-01-02,1815-12-31
Hartford Convention,Hartford Convention,1828-01-02,1830-12-31
Hartford Convention,Hartford Convention,1833-01-02,1836-12-31
Hartford Convention,Hartford Convention,1840-01-02,1841-12-31
Hartford Convention,Hartford Convention,1845-01-02,1846-12-31
Anti-Masonic Party,Anti-Masonic Party,1827-01-02,1839-12-31
Anti-Masonic Party,Anti-Masonic Party,1841-01-02,1841-12-31
Democratic Party,Democratic Party,1830-01-02,1830-12-31
Democratic Party,Democratic Party,1834-01-02,1846-12-31
National Republican Party,National Republican Party,1830-01-02,1834-12-31
Whig Party,Whig Party,1834-01-02,1847-12-31
American Party,American Party,1846-01-02,1846-12-31
 • Political Groups • ,Political Groups,1787-01-02,1788-12-31
 • Political Groups • ,Political Groups,1795-01-02,1795-12-31
 • Political Groups • ,Political Groups,1802-01-02,1809-12-31
 • Political Groups • ,Political Groups,1811-01-02,1812-12-31
 • Political Groups • ,Political Groups,1814-01-02,1815-12-31
 • Political Groups • ,Political Groups,1818-01-02,1818-12-31
 • Political Groups • ,Political Groups,1822-01-02,1824-12-31
 • Political Groups • ,Political Groups,1827-01-02,1847-12-31
 • Publications and Press • ,Press,1808-01-02,1808-12-31
 • Publications and Press • ,Press,1817-01-02,1823-12-31
 • Publications and Press • ,Press,1830-01-02,1839-12-31
 • Publications and Press • ,Press,1843-01-02,1845-12-31
 • Publications and Press • ,Press,1847-01-02,1847-12-31
 • Publications and Press • ,Publications and Press,1808-01-02,1808-12-31
Press,Press,1808-01-02,1808-12-31
Press,Press,1817-01-02,1823-12-31
Press,Press,1830-01-02,1839-12-31
Press,Press,1843-01-02,1845-12-31
Press,Press,1847-01-02,1847-12-31
 • Publications and Press • ,Publications and Press,1817-01-02,1823-12-31
 • Publications and Press • ,Publications and Press,1830-01-02,1839-12-31
 • Publications and Press • ,Publications and Press,1843-01-02,1845-12-31
 • Publications and Press • ,Publications and Press,1847-01-02,1847-12-31
 • African Americans • ,"Topic, African Americans",1785-01-02,1785-12-31
 • African Americans • ,"Topic, African Americans",1787-01-02,1787-12-31
 • African Americans • ,"Topic, African Americans",1794-01-02,1794-12-31
 • African Americans • ,"Topic, African Americans",1806-01-02,1807-12-31
 • African Americans • ,"Topic, African Americans",1809-01-02,1822-12-31
 • African Americans • ,"Topic, African Americans",1824-01-02,1829-12-31
 • African Americans • ,"Topic, African Americans",1831-01-02,1847-12-31
 • African Americans • ,African Americans,1785-01-02,1785-12-31
"Topic, African Americans","Topic, African Americans",1785-01-02,1785-12-31
"Topic, African Americans","Topic, African Americans",1787-01-02,1787-12-31
"Topic, African Americans","Topic, African Americans",1794-01-02,1794-12-31
"Topic, African Americans","Topic, African Americans",1806-01-02,1807-12-31
"Topic, African Americans","Topic, African Americans",1809-01-02,1822-12-31
"Topic, African Americans","Topic, African Americans",1824-01-02,1829-12-31
"Topic, African Americans","Topic, African Americans",1831-01-02,1847-12-31
 • African Americans • ,African Americans,1787-01-02,1787-12-31
 • African Americans • ,African Americans,1794-01-02,1794-12-31
 • African Americans • ,African Americans,1806-01-02,1807-12-31
 • African Americans • ,African Americans,1809-01-02,1822-12-31
 • African Americans • ,African Americans,1824-01-02,1829-12-31
 • African Americans • ,African Americans,1831-01-02,1847-12-31
 • Wars and Revolutions • ,American Revolution,1779-01-02,1782-12-31
 • Wars and Revolutions • ,American Revolution,1785-01-02,1786-12-31
 • Wars and Revolutions • ,American Revolution,1788-01-02,1788-12-31
 • Wars and Revolutions • ,American Revolution,1795-01-02,1797-12-31
 • Wars and Revolutions • ,American Revolution,1799-01-02,1801-12-31
 • Wars and Revolutions • ,American Revolution,1805-01-02,1805-12-31
 • Wars and Revolutions • ,American Revolution,1808-01-02,1811-12-31
 • Wars and Revolutions • ,American Revolution,1813-01-02,1822-12-31
 • Wars and Revolutions • ,American Revolution,1824-01-02,1826-12-31
 • Wars and Revolutions • ,American Revolution,1828-01-02,1847-12-31
 • Wars and Revolutions • ,Barbary Wars,1785-01-02,1785-12-31
 • Wars and Revolutions • ,Barbary Wars,1794-01-02,1794-12-31
 • Wars and Revolutions • ,Barbary Wars,1796-01-02,1796-12-31
 • Wars and Revolutions • ,Barbary Wars,1815-01-02,1816-12-31
 • Wars and Revolutions • ,Barbary Wars,1831-01-02,1831-12-31
 • Wars and Revolutions • ,French Revolution,1793-01-02,1797-12-31
 • Wars and Revolutions • ,French Revolution,1801-01-02,1801-12-31
 • Wars and Revolutions • ,French Revolution,1804-01-02,1804-12-31
 • Wars and Revolutions • ,French Revolution,1809-01-02,1815-12-31
 • Wars and Revolutions • ,French Revolution,1817-01-02,1817-12-31
 • Wars and Revolutions • ,French Revolution,1834-01-02,1836-12-31
 • Wars and Revolutions • ,French Revolution,1839-01-02,1841-12-31
 • Wars and Revolutions • ,French Revolution,1846-01-02,1846-12-31
 • Wars and Revolutions • ,Haitian Revolution,1793-01-02,1793-12-31
 • Wars and Revolutions • ,Quasi-War,1798-01-02,1798-12-31
 • Wars and Revolutions • ,Quasi-War,1830-01-02,1830-12-31
 • Wars and Revolutions • ,Quasi-War,1837-01-02,1837-12-31
 • Wars and Revolutions • ,Napoleonic Wars,1806-01-02,1806-12-31
 • Wars and Revolutions • ,Napoleonic Wars,1812-01-02,1815-12-31
 • Wars and Revolutions • ,Napoleonic Wars,1831-01-02,1831-12-31
 • Wars and Revolutions • ,Napoleonic Wars,1833-01-02,1833-12-31
 • Wars and Revolutions • ,Napoleonic Wars,1837-01-02,1837-12-31
 • Wars and Revolutions • ,Napoleonic Wars,1843-01-02,1843-12-31
 • Wars and Revolutions • ,Latin American Wars of Independence,1810-01-02,1812-12-31
 • Wars and Revolutions • ,Latin American Wars of Independence,1816-01-02,1823-12-31
 • Wars and Revolutions • ,Latin American Wars of Independence,1825-01-02,1825-12-31
 • Wars and Revolutions • ,Latin American Wars of Independence,1830-01-02,1830-12-31
 • Wars and Revolutions • ,War of 1812,1811-01-02,1829-12-31
 • Wars and Revolutions • ,War of 1812,1831-01-02,1847-12-31
 • Wars and Revolutions • ,Mexican War of Independence,1817-01-02,1822-12-31
 • Wars and Revolutions • ,Mexican War of Independence,1843-01-02,1843-12-31
 • Wars and Revolutions • ,Texas Revolution and Independence,1836-01-02,1838-12-31
 • Wars and Revolutions • ,Texas Revolution and Independence,1843-01-02,1843-12-31
 • Wars and Revolutions • ,Mexican War,1846-01-02,1848-12-31
 • Wars and Revolutions • ,Wars and Revolutions,1779-01-02,1782-12-31
American Revolution,American Revolution,1779-01-02,1782-12-31
American Revolution,American Revolution,1785-01-02,1786-12-31
American Revolution,American Revolution,1788-01-02,1788-12-31
American Revolution,American Revolution,1795-01-02,1797-12-31
American Revolution,American Revolution,1799-01-02,1801-12-31
American Revolution,American Revolution,1805-01-02,1805-12-31
American Revolution,American Revolution,1808-01-02,1811-12-31
American Revolution,American Revolution,1813-01-02,1822-12-31
American Revolution,American Revolution,1824-01-02,1826-12-31
American Revolution,American Revolution,1828-01-02,1847-12-31
Barbary Wars,Barbary Wars,1785-01-02,1785-12-31
Barbary Wars,Barbary Wars,1794-01-02,1794-12-31
Barbary Wars,Barbary Wars,1796-01-02,1796-12-31
Barbary Wars,Barbary Wars,1815-01-02,1816-12-31
Barbary Wars,Barbary Wars,1831-01-02,1831-12-31
French Revolution,French Revolution,1793-01-02,1797-12-31
French Revolution,French Revolution,1801-01-02,1801-12-31
French Revolution,French Revolution,1804-01-02,1804-12-31
French Revolution,French Revolution,1809-01-02,1815-12-31
French Revolution,French Revolution,1817-01-02,1817-12-31
French Revolution,French Revolution,1834-01-02,1836-12-31
French Revolution,French Revolution,1839-01-02,1841-12-31
French Revolution,French Revolution,1846-01-02,1846-12-31
Haitian Revolution,Haitian Revolution,1793-01-02,1793-12-31
Quasi-War,Quasi-War,1798-01-02,1798-12-31
Quasi-War,Quasi-War,1830-01-02,1830-12-31
Quasi-War,Quasi-War,1837-01-02,1837-12-31
Napoleonic Wars,Napoleonic Wars,1806-01-02,1806-12-31
Napoleonic Wars,Napoleonic Wars,1812-01-02,1815-12-31
Napoleonic Wars,Napoleonic Wars,1831-01-02,1831-12-31
Napoleonic Wars,Napoleonic Wars,1833-01-02,1833-12-31
Napoleonic Wars,Napoleonic Wars,1837-01-02,1837-12-31
Napoleonic Wars,Napoleonic Wars,1843-01-02,1843-12-31
Latin American Wars of Independence,Latin American Wars of Independence,1810-01-02,1812-12-31
Latin American Wars of Independence,Latin American Wars of Independence,1816-01-02,1823-12-31
Latin American Wars of Independence,Latin American Wars of Independence,1825-01-02,1825-12-31
Latin American Wars of Independence,Latin American Wars of Independence,1830-01-02,1830-12-31
War of 1812,War of 1812,1811-01-02,1829-12-31
War of 1812,War of 1812,1831-01-02,1847-12-31
Mexican War of Independence,Mexican War of Independence,1817-01-02,1822-12-31
Mexican War of Independence,Mexican War of Independence,1843-01-02,1843-12-31
Texas Revolution and Independence,Texas Revolution and Independence,1836-01-02,1838-12-31
Texas Revolution and Independence,Texas Revolution and Independence,1843-01-02,1843-12-31
Mexican War,Mexican War,1846-01-02,1848-12-31
 • Wars and Revolutions • ,Wars and Revolutions,1785-01-02,1786-12-31
 • Wars and Revolutions • ,Wars and Revolutions,1788-01-02,1788-12-31
 • Wars and Revolutions • ,Wars and Revolutions,1793-01-02,1797-12-31
 • Wars and Revolutions • ,Wars and Revolutions,1798-01-02,1798-12-31
 • Wars and Revolutions • ,Wars and Revolutions,1799-01-02,1801-12-31
 • Wars and Revolutions • ,Wars and Revolutions,1804-01-02,1804-12-31
 • Wars and Revolutions • ,Wars and Revolutions,1805-01-02,1805-12-31
 • Wars and Revolutions • ,Wars and Revolutions,1806-01-02,1806-12-31
 • Wars and Revolutions • ,Wars and Revolutions,1808-01-02,1848-12-31
 • International Relations • ,European Alliances,1779-01-02,1779-12-31
 • International Relations • ,European Alliances,1810-01-02,1810-12-31
 • International Relations • ,European Alliances,1812-01-02,1813-12-31
 • International Relations • ,European Alliances,1817-01-02,1817-12-31
 • International Relations • ,European Alliances,1830-01-02,1831-12-31
 • International Relations • ,Anglo-American Definitive Peace Treaty,1783-01-02,1783-12-31
 • International Relations • ,Anglo-American Definitive Peace Treaty,1814-01-02,1817-12-31
 • International Relations • ,Anglo-American Definitive Peace Treaty,1831-01-02,1831-12-31
 • International Relations • ,Anglo-American Definitive Peace Treaty,1836-01-02,1838-12-31
 • International Relations • ,Anglo-American Definitive Peace Treaty,1840-01-02,1842-12-31
 • International Relations • ,Anglo-American Definitive Peace Treaty,1845-01-02,1845-12-31
 • International Relations • ,Jay Treaty,1794-01-02,1796-12-31
 • International Relations • ,Jay Treaty,1803-01-02,1803-12-31
 • International Relations • ,Jay Treaty,1805-01-02,1805-12-31
 • International Relations • ,Jay Treaty,1807-01-02,1807-12-31
 • International Relations • ,Jay Treaty,1810-01-02,1810-12-31
 • International Relations • ,Jay Treaty,1814-01-02,1817-12-31
 • International Relations • ,Jay Treaty,1833-01-02,1833-12-31
 • International Relations • ,Jay Treaty,1841-01-02,1841-12-31
 • International Relations • ,Jay Treaty,1845-01-02,1845-12-31
 • International Relations • ,Pinckney's Treaty,1795-01-02,1795-12-31
 • International Relations • ,Pinckney's Treaty,1844-01-02,1844-12-31
 • International Relations • ,Diplomacy,1797-01-02,1801-12-31
 • International Relations • ,Diplomacy,1808-01-02,1817-12-31
 • International Relations • ,Diplomacy,1830-01-02,1838-12-31
 • International Relations • ,Diplomacy,1843-01-02,1845-12-31
 • International Relations • ,Diplomacy,1847-01-02,1847-12-31
 • International Relations • ,Foreign Relations,1798-01-02,1798-12-31
 • International Relations • ,Foreign Relations,1808-01-02,1808-12-31
 • International Relations • ,Foreign Relations,1810-01-02,1814-12-31
 • International Relations • ,Foreign Relations,1816-01-02,1839-12-31
 • International Relations • ,Foreign Relations,1843-01-02,1845-12-31
 • International Relations • ,XYZ Affair,1798-01-02,1798-12-31
 • International Relations • ,Prussian-American Treaty of Amity and Commerce,1799-01-02,1799-12-31
 • International Relations • ,Prussian-American Treaty of Amity and Commerce,1832-01-02,1832-12-31
 • International Relations • ,Convention of 1800,1800-01-02,1800-12-31
 • International Relations • ,Impressment,1804-01-02,1804-12-31
 • International Relations • ,Impressment,1807-01-02,1809-12-31
 • International Relations • ,Impressment,1812-01-02,1821-12-31
 • International Relations • ,Impressment,1823-01-02,1823-12-31
 • International Relations • ,Impressment,1826-01-02,1827-12-31
 • International Relations • ,Impressment,1829-01-02,1829-12-31
 • International Relations • ,Impressment,1842-01-02,1842-12-31
 • International Relations • ,Chesapeake Affair,1807-01-02,1808-12-31
 • International Relations • ,Chesapeake Affair,1812-01-02,1812-12-31
 • International Relations • ,Chesapeake Affair,1839-01-02,1839-12-31
 • International Relations • ,Treaty of Ghent,1814-01-02,1826-12-31
 • International Relations • ,Treaty of Ghent,1828-01-02,1828-12-31
 • International Relations • ,Treaty of Ghent,1830-01-02,1831-12-31
 • International Relations • ,Treaty of Ghent,1833-01-02,1835-12-31
 • International Relations • ,Treaty of Ghent,1837-01-02,1839-12-31
 • International Relations • ,Treaty of Ghent,1842-01-02,1843-12-31
 • International Relations • ,Treaty of Ghent,1845-01-02,1846-12-31
 • International Relations • ,Adams-Onis Treaty,1817-01-02,1825-12-31
 • International Relations • ,Adams-Onis Treaty,1838-01-02,1838-12-31
 • International Relations • ,Adams-Onis Treaty,1844-01-02,1846-12-31
 • International Relations • ,Convention of 1818,1818-01-02,1818-12-31
 • International Relations • ,Monroe Doctrine,1823-01-02,1824-12-31
 • International Relations • ,Amistad,1839-01-02,1845-12-31
 • International Relations • ,Amistad,1847-01-02,1847-12-31
 • International Relations • ,Webster-Ashburton Treaty,1842-01-02,1847-12-31
 • International Relations • ,International Relations,1779-01-02,1779-12-31
European Alliances,European Alliances,1779-01-02,1779-12-31
European Alliances,European Alliances,1810-01-02,1810-12-31
European Alliances,European Alliances,1812-01-02,1813-12-31
European Alliances,European Alliances,1817-01-02,1817-12-31
European Alliances,European Alliances,1830-01-02,1831-12-31
Anglo-American Definitive Peace Treaty,Anglo-American Definitive Peace Treaty,1783-01-02,1783-12-31
Anglo-American Definitive Peace Treaty,Anglo-American Definitive Peace Treaty,1814-01-02,1817-12-31
Anglo-American Definitive Peace Treaty,Anglo-American Definitive Peace Treaty,1831-01-02,1831-12-31
Anglo-American Definitive Peace Treaty,Anglo-American Definitive Peace Treaty,1836-01-02,1838-12-31
Anglo-American Definitive Peace Treaty,Anglo-American Definitive Peace Treaty,1840-01-02,1842-12-31
Anglo-American Definitive Peace Treaty,Anglo-American Definitive Peace Treaty,1845-01-02,1845-12-31
Jay Treaty,Jay Treaty,1794-01-02,1796-12-31
Jay Treaty,Jay Treaty,1803-01-02,1803-12-31
Jay Treaty,Jay Treaty,1805-01-02,1805-12-31
Jay Treaty,Jay Treaty,1807-01-02,1807-12-31
Jay Treaty,Jay Treaty,1810-01-02,1810-12-31
Jay Treaty,Jay Treaty,1814-01-02,1817-12-31
Jay Treaty,Jay Treaty,1833-01-02,1833-12-31
Jay Treaty,Jay Treaty,1841-01-02,1841-12-31
Jay Treaty,Jay Treaty,1845-01-02,1845-12-31
Pinckney's Treaty,Pinckney's Treaty,1795-01-02,1795-12-31
Pinckney's Treaty,Pinckney's Treaty,1844-01-02,1844-12-31
Diplomacy,Diplomacy,1797-01-02,1801-12-31
Diplomacy,Diplomacy,1808-01-02,1817-12-31
Diplomacy,Diplomacy,1830-01-02,1838-12-31
Diplomacy,Diplomacy,1843-01-02,1845-12-31
Diplomacy,Diplomacy,1847-01-02,1847-12-31
Foreign Relations,Foreign Relations,1798-01-02,1798-12-31
Foreign Relations,Foreign Relations,1808-01-02,1808-12-31
Foreign Relations,Foreign Relations,1810-01-02,1814-12-31
Foreign Relations,Foreign Relations,1816-01-02,1839-12-31
Foreign Relations,Foreign Relations,1843-01-02,1845-12-31
XYZ Affair,XYZ Affair,1798-01-02,1798-12-31
Prussian-American Treaty of Amity and Commerce,Prussian-American Treaty of Amity and Commerce,1799-01-02,1799-12-31
Prussian-American Treaty of Amity and Commerce,Prussian-American Treaty of Amity and Commerce,1832-01-02,1832-12-31
Convention of 1800,Convention of 1800,1800-01-02,1800-12-31
Impressment,Impressment,1804-01-02,1804-12-31
Impressment,Impressment,1807-01-02,1809-12-31
Impressment,Impressment,1812-01-02,1821-12-31
Impressment,Impressment,1823-01-02,1823-12-31
Impressment,Impressment,1826-01-02,1827-12-31
Impressment,Impressment,1829-01-02,1829-12-31
Impressment,Impressment,1842-01-02,1842-12-31
Chesapeake Affair,Chesapeake Affair,1807-01-02,1808-12-31
Chesapeake Affair,Chesapeake Affair,1812-01-02,1812-12-31
Chesapeake Affair,Chesapeake Affair,1839-01-02,1839-12-31
Treaty of Ghent,Treaty of Ghent,1814-01-02,1826-12-31
Treaty of Ghent,Treaty of Ghent,1828-01-02,1828-12-31
Treaty of Ghent,Treaty of Ghent,1830-01-02,1831-12-31
Treaty of Ghent,Treaty of Ghent,1833-01-02,1835-12-31
Treaty of Ghent,Treaty of Ghent,1837-01-02,1839-12-31
Treaty of Ghent,Treaty of Ghent,1842-01-02,1843-12-31
Treaty of Ghent,Treaty of Ghent,1845-01-02,1846-12-31
Adams-Onis Treaty,Adams-Onis Treaty,1817-01-02,1825-12-31
Adams-Onis Treaty,Adams-Onis Treaty,1838-01-02,1838-12-31
Adams-Onis Treaty,Adams-Onis Treaty,1844-01-02,1846-12-31
Convention of 1818,Convention of 1818,1818-01-02,1818-12-31
Monroe Doctrine,Monroe Doctrine,1823-01-02,1824-12-31
Amistad,Amistad,1839-01-02,1845-12-31
Amistad,Amistad,1847-01-02,1847-12-31
Webster-Ashburton Treaty,Webster-Ashburton Treaty,1842-01-02,1847-12-31
 • International Relations • ,International Relations,1783-01-02,1783-12-31
 • International Relations • ,International Relations,1794-01-02,1796-12-31
 • International Relations • ,International Relations,1797-01-02,1801-12-31
 • International Relations • ,International Relations,1803-01-02,1803-12-31
 • International Relations • ,International Relations,1804-01-02,1804-12-31
 • International Relations • ,International Relations,1805-01-02,1805-12-31
 • International Relations • ,International Relations,1807-01-02,1847-12-31
 • Identity • ,Sectionalism,1814-01-02,1814-12-31
 • Identity • ,Sectionalism,1816-01-02,1826-12-31
 • Identity • ,Sectionalism,1828-01-02,1829-12-31
 • Identity • ,Sectionalism,1838-01-02,1838-12-31
 • Identity • ,Sectionalism,1841-01-02,1842-12-31
 • Identity • ,"West, The",1817-01-02,1821-12-31
 • Identity • ,"West, The",1827-01-02,1827-12-31
 • Identity • ,"South, The",1819-01-02,1820-12-31
 • Identity • ,"South, The",1831-01-02,1833-12-31
 • Identity • ,"South, The",1835-01-02,1838-12-31
 • Identity • ,Identity,1814-01-02,1814-12-31
Sectionalism,Sectionalism,1814-01-02,1814-12-31
Sectionalism,Sectionalism,1816-01-02,1826-12-31
Sectionalism,Sectionalism,1828-01-02,1829-12-31
Sectionalism,Sectionalism,1838-01-02,1838-12-31
Sectionalism,Sectionalism,1841-01-02,1842-12-31
"West, The","West, The",1817-01-02,1821-12-31
"West, The","West, The",1827-01-02,1827-12-31
"South, The","South, The",1819-01-02,1820-12-31
"South, The","South, The",1831-01-02,1833-12-31
"South, The","South, The",1835-01-02,1838-12-31
 • Identity • ,Identity,1816-01-02,1826-12-31
 • Identity • ,Identity,1827-01-02,1827-12-31
 • Identity • ,Identity,1828-01-02,1829-12-31
 • Identity • ,Identity,1831-01-02,1833-12-31
 • Identity • ,Identity,1835-01-02,1838-12-31
 • Identity • ,Identity,1841-01-02,1842-12-31
 • Law • ,Supreme Court,1803-01-02,1804-12-31
 • Law • ,Supreme Court,1806-01-02,1809-12-31
 • Law • ,Supreme Court,1811-01-02,1811-12-31
 • Law • ,Supreme Court,1818-01-02,1821-12-31
 • Law • ,Supreme Court,1823-01-02,1823-12-31
 • Law • ,Supreme Court,1826-01-02,1826-12-31
 • Law • ,Supreme Court,1828-01-02,1838-12-31
 • Law • ,Supreme Court,1840-01-02,1846-12-31
 • Law • ,Emancipation,1819-01-02,1820-12-31
 • Law • ,Emancipation,1822-01-02,1822-12-31
 • Law • ,Emancipation,1826-01-02,1827-12-31
 • Law • ,Emancipation,1831-01-02,1835-12-31
 • Law • ,Emancipation,1837-01-02,1839-12-31
 • Law • ,Emancipation,1843-01-02,1843-12-31
 • Law • ,Emancipation,1847-01-02,1847-12-31
 • Law • ,Fugitive Slave Laws,1820-01-02,1820-12-31
 • Law • ,Fugitive Slave Laws,1822-01-02,1822-12-31
 • Law • ,Fugitive Slave Laws,1838-01-02,1839-12-31
 • Law • ,Fugitive Slave Laws,1841-01-02,1844-12-31
 • Law • ,Nullification,1820-01-02,1820-12-31
 • Law • ,Nullification,1830-01-02,1841-12-31
 • Law • ,Northwest Ordinance,1831-01-02,1831-12-31
 • Law • ,Northwest Ordinance,1835-01-02,1835-12-31
 • Law • ,Northwest Ordinance,1837-01-02,1838-12-31
 • Law • ,Northwest Ordinance,1843-01-02,1844-12-31
 • Law • ,Alien and Sedition Acts,1833-01-02,1834-12-31
 • Law • ,Alien and Sedition Acts,1836-01-02,1836-12-31
 • Law • ,Law,1803-01-02,1804-12-31
Supreme Court,Supreme Court,1803-01-02,1804-12-31
Supreme Court,Supreme Court,1806-01-02,1809-12-31
Supreme Court,Supreme Court,1811-01-02,1811-12-31
Supreme Court,Supreme Court,1818-01-02,1821-12-31
Supreme Court,Supreme Court,1823-01-02,1823-12-31
Supreme Court,Supreme Court,1826-01-02,1826-12-31
Supreme Court,Supreme Court,1828-01-02,1838-12-31
Supreme Court,Supreme Court,1840-01-02,1846-12-31
Emancipation,Emancipation,1819-01-02,1820-12-31
Emancipation,Emancipation,1822-01-02,1822-12-31
Emancipation,Emancipation,1826-01-02,1827-12-31
Emancipation,Emancipation,1831-01-02,1835-12-31
Emancipation,Emancipation,1837-01-02,1839-12-31
Emancipation,Emancipation,1843-01-02,1843-12-31
Emancipation,Emancipation,1847-01-02,1847-12-31
Fugitive Slave Laws,Fugitive Slave Laws,1820-01-02,1820-12-31
Fugitive Slave Laws,Fugitive Slave Laws,1822-01-02,1822-12-31
Fugitive Slave Laws,Fugitive Slave Laws,1838-01-02,1839-12-31
Fugitive Slave Laws,Fugitive Slave Laws,1841-01-02,1844-12-31
Nullification,Nullification,1820-01-02,1820-12-31
Nullification,Nullification,1830-01-02,1841-12-31
Northwest Ordinance,Northwest Ordinance,1831-01-02,1831-12-31
Northwest Ordinance,Northwest Ordinance,1835-01-02,1835-12-31
Northwest Ordinance,Northwest Ordinance,1837-01-02,1838-12-31
Northwest Ordinance,Northwest Ordinance,1843-01-02,1844-12-31
Alien and Sedition Acts,Alien and Sedition Acts,1833-01-02,1834-12-31
Alien and Sedition Acts,Alien and Sedition Acts,1836-01-02,1836-12-31
 • Law • ,Law,1806-01-02,1809-12-31
 • Law • ,Law,1811-01-02,1811-12-31
 • Law • ,Law,1818-01-02,1821-12-31
 • Law • ,Law,1822-01-02,1822-12-31
 • Law • ,Law,1823-01-02,1823-12-31
 • Law • ,Law,1826-01-02,1827-12-31
 • Law • ,Law,1828-01-02,1846-12-31
 • Law • ,Law,1847-01-02,1847-12-31
 • Migration • ,Colonization Movements,1817-01-02,1829-12-31
 • Migration • ,Colonization Movements,1831-01-02,1833-12-31
 • Migration • ,Colonization Movements,1835-01-02,1839-12-31
 • Migration • ,Colonization Movements,1841-01-02,1845-12-31
 • Migration • ,Immigration,1817-01-02,1820-12-31
 • Migration • ,Migration,1817-01-02,1829-12-31
Colonization Movements,Colonization Movements,1817-01-02,1829-12-31
Colonization Movements,Colonization Movements,1831-01-02,1833-12-31
Colonization Movements,Colonization Movements,1835-01-02,1839-12-31
Colonization Movements,Colonization Movements,1841-01-02,1845-12-31
Immigration,Immigration,1817-01-02,1820-12-31
 • Migration • ,Migration,1831-01-02,1833-12-31
 • Migration • ,Migration,1835-01-02,1839-12-31
 • Migration • ,Migration,1841-01-02,1845-12-31
 • Personal Relationships • ,Courtship and Marriage of JQA and LCA,1796-01-02,1797-12-31
 • Personal Relationships • ,Courtship and Marriage of JQA and LCA,1844-01-02,1845-12-31
 • Personal Relationships • ,Personal Relationships,1796-01-02,1797-12-31
Courtship and Marriage of JQA and LCA,Courtship and Marriage of JQA and LCA,1796-01-02,1797-12-31
Courtship and Marriage of JQA and LCA,Courtship and Marriage of JQA and LCA,1844-01-02,1845-12-31
 • Personal Relationships • ,Personal Relationships,1844-01-02,1845-12-31
 • Education • ,Boylston Professor of Rhetoric and Oratory,1805-01-02,1809-12-31
 • Education • ,Boylston Professor of Rhetoric and Oratory,1811-01-02,1811-12-31
 • Education • ,Boylston Professor of Rhetoric and Oratory,1816-01-02,1816-12-31
 • Education • ,Boylston Professor of Rhetoric and Oratory,1830-01-02,1831-12-31
 • Education • ,Boylston Professor of Rhetoric and Oratory,1833-01-02,1833-12-31
 • Education • ,Boylston Professor of Rhetoric and Oratory,1835-01-02,1835-12-31
 • Education • ,Boylston Professor of Rhetoric and Oratory,1844-01-02,1845-12-31
 • Education • ,Education,1805-01-02,1809-12-31
Boylston Professor of Rhetoric and Oratory,Boylston Professor of Rhetoric and Oratory,1805-01-02,1809-12-31
Boylston Professor of Rhetoric and Oratory,Boylston Professor of Rhetoric and Oratory,1811-01-02,1811-12-31
Boylston Professor of Rhetoric and Oratory,Boylston Professor of Rhetoric and Oratory,1816-01-02,1816-12-31
Boylston Professor of Rhetoric and Oratory,Boylston Professor of Rhetoric and Oratory,1830-01-02,1831-12-31
Boylston Professor of Rhetoric and Oratory,Boylston Professor of Rhetoric and Oratory,1833-01-02,1833-12-31
Boylston Professor of Rhetoric and Oratory,Boylston Professor of Rhetoric and Oratory,1835-01-02,1835-12-31
Boylston Professor of Rhetoric and Oratory,Boylston Professor of Rhetoric and Oratory,1844-01-02,1845-12-31
 • Education • ,Education,1811-01-02,1811-12-31
 • Education • ,Education,1816-01-02,1816-12-31
 • Education • ,Education,1830-01-02,1831-12-31
 • Education • ,Education,1833-01-02,1833-12-31
 • Education • ,Education,1835-01-02,1835-12-31
 • Education • ,Education,1844-01-02,1845-12-31
 • Religion • ,"Topic, Religion",1779-01-02,1783-12-31
 • Religion • ,"Topic, Religion",1785-01-02,1788-12-31
 • Religion • ,"Topic, Religion",1797-01-02,1797-12-31
 • Religion • ,"Topic, Religion",1799-01-02,1799-12-31
 • Religion • ,"Topic, Religion",1801-01-02,1801-12-31
 • Religion • ,"Topic, Religion",1803-01-02,1822-12-31
 • Religion • ,"Topic, Religion",1826-01-02,1848-12-31
 • Religion • ,Unitarianism,1816-01-02,1817-12-31
 • Religion • ,Unitarianism,1821-01-02,1838-12-31
 • Religion • ,Unitarianism,1843-01-02,1845-12-31
 • Religion • ,Unitarianism,1847-01-02,1847-12-31
 • Religion • ,Second Great Awakening,1821-01-02,1821-12-31
 • Religion • ,Church of Jesus Christ of Latter-day Saints,1844-01-02,1844-12-31
 • Religion • ,Religion,1779-01-02,1783-12-31
"Topic, Religion","Topic, Religion",1779-01-02,1783-12-31
"Topic, Religion","Topic, Religion",1785-01-02,1788-12-31
"Topic, Religion","Topic, Religion",1797-01-02,1797-12-31
"Topic, Religion","Topic, Religion",1799-01-02,1799-12-31
"Topic, Religion","Topic, Religion",1801-01-02,1801-12-31
"Topic, Religion","Topic, Religion",1803-01-02,1822-12-31
"Topic, Religion","Topic, Religion",1826-01-02,1848-12-31
Unitarianism,Unitarianism,1816-01-02,1817-12-31
Unitarianism,Unitarianism,1821-01-02,1838-12-31
Unitarianism,Unitarianism,1843-01-02,1845-12-31
Unitarianism,Unitarianism,1847-01-02,1847-12-31
Second Great Awakening,Second Great Awakening,1821-01-02,1821-12-31
Church of Jesus Christ of Latter-day Saints,Church of Jesus Christ of Latter-day Saints,1844-01-02,1844-12-31
 • Religion • ,Religion,1785-01-02,1788-12-31
 • Religion • ,Religion,1797-01-02,1797-12-31
 • Religion • ,Religion,1799-01-02,1799-12-31
 • Religion • ,Religion,1801-01-02,1801-12-31
 • Religion • ,Religion,1803-01-02,1848-12-31
 • Territorial Expansion • ,"Topic, Territorial Expansion",1797-01-02,1797-12-31
 • Territorial Expansion • ,"Topic, Territorial Expansion",1818-01-02,1821-12-31
 • Territorial Expansion • ,"Topic, Territorial Expansion",1826-01-02,1827-12-31
 • Territorial Expansion • ,"Topic, Territorial Expansion",1835-01-02,1838-12-31
 • Territorial Expansion • ,"Topic, Territorial Expansion",1842-01-02,1846-12-31
 • Territorial Expansion • ,Louisiana Purchase,1803-01-02,1804-12-31
 • Territorial Expansion • ,Louisiana Purchase,1806-01-02,1806-12-31
 • Territorial Expansion • ,Louisiana Purchase,1811-01-02,1811-12-31
 • Territorial Expansion • ,Louisiana Purchase,1814-01-02,1815-12-31
 • Territorial Expansion • ,Louisiana Purchase,1817-01-02,1824-12-31
 • Territorial Expansion • ,Louisiana Purchase,1827-01-02,1830-12-31
 • Territorial Expansion • ,Louisiana Purchase,1835-01-02,1838-12-31
 • Territorial Expansion • ,Louisiana Purchase,1844-01-02,1846-12-31
 • Territorial Expansion • ,Oregon Country,1817-01-02,1819-12-31
 • Territorial Expansion • ,Oregon Country,1821-01-02,1824-12-31
 • Territorial Expansion • ,Oregon Country,1826-01-02,1826-12-31
 • Territorial Expansion • ,Oregon Country,1828-01-02,1828-12-31
 • Territorial Expansion • ,Oregon Country,1839-01-02,1839-12-31
 • Territorial Expansion • ,Oregon Country,1842-01-02,1846-12-31
 • Territorial Expansion • ,Florida Annexation,1818-01-02,1822-12-31
 • Territorial Expansion • ,Florida Annexation,1830-01-02,1831-12-31
 • Territorial Expansion • ,Florida Annexation,1838-01-02,1838-12-31
 • Territorial Expansion • ,Florida Annexation,1844-01-02,1844-12-31
 • Territorial Expansion • ,Territorial Expansion,1797-01-02,1797-12-31
"Topic, Territorial Expansion","Topic, Territorial Expansion",1797-01-02,1797-12-31
"Topic, Territorial Expansion","Topic, Territorial Expansion",1818-01-02,1821-12-31
"Topic, Territorial Expansion","Topic, Territorial Expansion",1826-01-02,1827-12-31
"Topic, Territorial Expansion","Topic, Territorial Expansion",1835-01-02,1838-12-31
"Topic, Territorial Expansion","Topic, Territorial Expansion",1842-01-02,1846-12-31
Louisiana Purchase,Louisiana Purchase,1803-01-02,1804-12-31
Louisiana Purchase,Louisiana Purchase,1806-01-02,1806-12-31
Louisiana Purchase,Louisiana Purchase,1811-01-02,1811-12-31
Louisiana Purchase,Louisiana Purchase,1814-01-02,1815-12-31
Louisiana Purchase,Louisiana Purchase,1817-01-02,1824-12-31
Louisiana Purchase,Louisiana Purchase,1827-01-02,1830-12-31
Louisiana Purchase,Louisiana Purchase,1835-01-02,1838-12-31
Louisiana Purchase,Louisiana Purchase,1844-01-02,1846-12-31
Oregon Country,Oregon Country,1817-01-02,1819-12-31
Oregon Country,Oregon Country,1821-01-02,1824-12-31
Oregon Country,Oregon Country,1826-01-02,1826-12-31
Oregon Country,Oregon Country,1828-01-02,1828-12-31
Oregon Country,Oregon Country,1839-01-02,1839-12-31
Oregon Country,Oregon Country,1842-01-02,1846-12-31
Florida Annexation,Florida Annexation,1818-01-02,1822-12-31
Florida Annexation,Florida Annexation,1830-01-02,1831-12-31
Florida Annexation,Florida Annexation,1838-01-02,1838-12-31
Florida Annexation,Florida Annexation,1844-01-02,1844-12-31
 • Territorial Expansion • ,Territorial Expansion,1803-01-02,1804-12-31
 • Territorial Expansion • ,Territorial Expansion,1806-01-02,1806-12-31
 • Territorial Expansion • ,Territorial Expansion,1811-01-02,1811-12-31
 • Territorial Expansion • ,Territorial Expansion,1814-01-02,1815-12-31
 • Territorial Expansion • ,Territorial Expansion,1817-01-02,1824-12-31
 • Territorial Expansion • ,Territorial Expansion,1826-01-02,1831-12-31
 • Territorial Expansion • ,Territorial Expansion,1835-01-02,1838-12-31
 • Territorial Expansion • ,Territorial Expansion,1839-01-02,1839-12-31
 • Territorial Expansion • ,Territorial Expansion,1842-01-02,1846-12-31
 • Culture • ,"Court Life and Society, European",1797-01-02,1801-12-31
 • Culture • ,"Court Life and Society, European",1809-01-02,1817-12-31
 • Culture • ,Utopian Communities,1817-01-02,1817-12-31
 • Culture • ,Utopian Communities,1819-01-02,1819-12-31
 • Culture • ,Utopian Communities,1824-01-02,1825-12-31
 • Culture • ,Utopian Communities,1844-01-02,1844-12-31
 • Culture • ,Smithsonian Institution,1835-01-02,1847-12-31
 • Culture • ,Transcendentalism,1840-01-02,1840-12-31
 • Culture • ,Transcendentalism,1846-01-02,1846-12-31
 • Culture • ,Culture,1797-01-02,1801-12-31
"Court Life and Society, European","Court Life and Society, European",1797-01-02,1801-12-31
"Court Life and Society, European","Court Life and Society, European",1809-01-02,1817-12-31
Utopian Communities,Utopian Communities,1817-01-02,1817-12-31
Utopian Communities,Utopian Communities,1819-01-02,1819-12-31
Utopian Communities,Utopian Communities,1824-01-02,1825-12-31
Utopian Communities,Utopian Communities,1844-01-02,1844-12-31
Smithsonian Institution,Smithsonian Institution,1835-01-02,1847-12-31
Transcendentalism,Transcendentalism,1840-01-02,1840-12-31
Transcendentalism,Transcendentalism,1846-01-02,1846-12-31
 • Culture • ,Culture,1809-01-02,1817-12-31
 • Culture • ,Culture,1819-01-02,1819-12-31
 • Culture • ,Culture,1824-01-02,1825-12-31
 • Culture • ,Culture,1835-01-02,1847-12-31
 • Indigenous Peoples • ,Native Americans,1786-01-02,1786-12-31
 • Indigenous Peoples • ,Native Americans,1793-01-02,1795-12-31
 • Indigenous Peoples • ,Native Americans,1803-01-02,1808-12-31
 • Indigenous Peoples • ,Native Americans,1810-01-02,1810-12-31
 • Indigenous Peoples • ,Native Americans,1812-01-02,1847-12-31
 • Indigenous Peoples • ,Seminole Wars,1817-01-02,1821-12-31
 • Indigenous Peoples • ,Seminole Wars,1824-01-02,1825-12-31
 • Indigenous Peoples • ,Seminole Wars,1830-01-02,1832-12-31
 • Indigenous Peoples • ,Seminole Wars,1839-01-02,1842-12-31
 • Indigenous Peoples • ,Seminole Wars,1844-01-02,1846-12-31
 • Indigenous Peoples • ,Indian Removal,1830-01-02,1830-12-31
 • Indigenous Peoples • ,Indian Removal,1834-01-02,1834-12-31
 • Indigenous Peoples • ,Indian Removal,1838-01-02,1838-12-31
 • Indigenous Peoples • ,Indian Removal,1843-01-02,1843-12-31
 • Indigenous Peoples • ,Indigenous Peoples,1786-01-02,1786-12-31
Native Americans,Native Americans,1786-01-02,1786-12-31
Native Americans,Native Americans,1793-01-02,1795-12-31
Native Americans,Native Americans,1803-01-02,1808-12-31
Native Americans,Native Americans,1810-01-02,1810-12-31
Native Americans,Native Americans,1812-01-02,1847-12-31
Seminole Wars,Seminole Wars,1817-01-02,1821-12-31
Seminole Wars,Seminole Wars,1824-01-02,1825-12-31
Seminole Wars,Seminole Wars,1830-01-02,1832-12-31
Seminole Wars,Seminole Wars,1839-01-02,1842-12-31
Seminole Wars,Seminole Wars,1844-01-02,1846-12-31
Indian Removal,Indian Removal,1830-01-02,1830-12-31
Indian Removal,Indian Removal,1834-01-02,1834-12-31
Indian Removal,Indian Removal,1838-01-02,1838-12-31
Indian Removal,Indian Removal,1843-01-02,1843-12-31
 • Indigenous Peoples • ,Indigenous Peoples,1793-01-02,1795-12-31
 • Indigenous Peoples • ,Indigenous Peoples,1803-01-02,1808-12-31
 • Indigenous Peoples • ,Indigenous Peoples,1810-01-02,1810-12-31
 • Indigenous Peoples • ,Indigenous Peoples,1812-01-02,1847-12-31
